url,title,tag,text
https://www.dremel.com/us/en/projects/project-plans/pvc-lights,PVC lights | Dremel,p,Have a small space you'd like to illuminate?
https://www.dremel.com/us/en/projects/project-plans/pvc-lights,PVC lights | Dremel,p,Upcycle PVC pipes into column lights to add a soft glow to any space.
https://www.dremel.com/us/en/projects/project-plans/pvc-lights,PVC lights | Dremel,p,Mark the area that you would like to cut away.
https://www.dremel.com/us/en/projects/project-plans/pvc-lights,PVC lights | Dremel,p,We used tape to mark the area so as not to leave behind any marker on our lamps.
https://www.dremel.com/us/en/projects/project-plans/pvc-lights,PVC lights | Dremel,p,"For the ""V-shaped"" design, start your cut by making a plunge cut at the bottom using the Dremel 4200 Multi-Tool and the Multi-Purpose Cutting Bit 561."
https://www.dremel.com/us/en/projects/project-plans/pvc-lights,PVC lights | Dremel,p,"Set your tool to high speed and with your tool at a 90 degree angle, plunge straight into the PVC."
https://www.dremel.com/us/en/projects/project-plans/pvc-lights,PVC lights | Dremel,p,Tilt the tool side-to-side to widen the cut area just slightly.
https://www.dremel.com/us/en/projects/project-plans/pvc-lights,PVC lights | Dremel,p,"Make the long running cuts up both sides of the ""V"" with an SC476 Plastic Cutting Wheel."
https://www.dremel.com/us/en/projects/project-plans/pvc-lights,PVC lights | Dremel,p,For this accessory change mount the SC476 accessory onto your EZ SpeedClic Mandrel.
https://www.dremel.com/us/en/projects/project-plans/pvc-lights,PVC lights | Dremel,p,"Set the tool to high speed, and cut along your marked line of cut."
https://www.dremel.com/us/en/projects/project-plans/pvc-lights,PVC lights | Dremel,p,Remember to let the speed of the tool do the work and do not bear down on your accessory.
https://www.dremel.com/us/en/projects/project-plans/pvc-lights,PVC lights | Dremel,p,"Clean up the edges of your cuts and give the top of your columns a soft, rounded edge using an SC407 Sanding Drum equipped with a 408 Sanding Band."
https://www.dremel.com/us/en/projects/project-plans/pvc-lights,PVC lights | Dremel,p,Notch a small opening for the cord of your spotlight to run through to ensure your column will sit flush against the floor with the SC407 Drum and the 408 Sanding Band.
https://www.dremel.com/us/en/projects/project-plans/pvc-lights,PVC lights | Dremel,p,Insert your spotlight and your project is complete!
https://www.dremel.com/us/en/projects/project-plans/pvc-lights,PVC lights | Dremel,p,"For the latest news, inspiration and tips, sign up to our newsletter."
https://www.dremel.com/us/en/projects/project-plans/pvc-lights,PVC lights | Dremel,li,"EZ544 EZ Lock™ 1-1/2"" Cutting/Shaping Wheel"
https://www.dremel.com/us/en/projects/project-plans/pvc-lights,PVC lights | Dremel,li,Single Spotlight (circumference smaller than the PVC Pipe)
https://www.dremel.com/us/en/projects/makers/justin-brooker,Maker: Justin Brooker | Dremel,p,"Justin Brooker is the owner and operator of Machina Designs, specialising in timeless and one off engraving pieces for almost every industry imaginable."
https://www.dremel.com/us/en/projects/makers/justin-brooker,Maker: Justin Brooker | Dremel,p,"He first brought a Dremel 4000 8 years ago, which he still uses till this date."
https://www.dremel.com/us/en/projects/makers/justin-brooker,Maker: Justin Brooker | Dremel,p,Want to learn more about Justin and the hand engraving work he does?
https://www.dremel.com/us/en/projects/makers/justin-brooker,Maker: Justin Brooker | Dremel,p,Take a look at these videos to get to know Justin better.
https://www.dremel.com/us/en/projects/makers/justin-brooker,Maker: Justin Brooker | Dremel,p,He tells you tips on the types of material to use and best techniques to achieve intricate and personal engraved projects
https://www.dremel.com/us/en/projects/makers/justin-brooker,Maker: Justin Brooker | Dremel,p,To recreate a design on a curved surface simply place the artwork inside the mug and trace on the outside of the glass.
https://www.dremel.com/us/en/projects/makers/justin-brooker,Maker: Justin Brooker | Dremel,p,Make sure to use diamond tipped engraving points to achieve a smooth finish.
https://www.dremel.com/us/en/projects/makers/justin-brooker,Maker: Justin Brooker | Dremel,p,Take a look at some of the engravings Justin has completed and get some inspiration for your own projects!
https://www.dremel.com/us/en/projects/makers/justin-brooker,Maker: Justin Brooker | Dremel,p,"Experience even more precision and manoeuvrability, even in hard-to-reach places."
https://www.dremel.com/us/en/projects/makers/justin-brooker,Maker: Justin Brooker | Dremel,p,Meet Emmanuel who runs the Youtube channel called “MagicManu”!
https://www.dremel.com/us/en/projects/makers/justin-brooker,Maker: Justin Brooker | Dremel,p,Harry Arling is an artist through and through: a true creative.
https://www.dremel.com/us/en/projects/makers/justin-brooker,Maker: Justin Brooker | Dremel,p,"So, it is high time to ask him some questions!"
https://www.dremel.com/us/en/projects/makers/justin-brooker,Maker: Justin Brooker | Dremel,li,First lay down the initial outlines of engraving onto the aluminum engine case to give you a guide
https://www.dremel.com/us/en/projects/makers/justin-brooker,Maker: Justin Brooker | Dremel,li,"You can use a Dremel Filigree engraving a engine by Justin Booker using Dremel tools and Dremel accessoriesMulti-Tool such as the 3000 with the motor speed set between 20,000 and 25,000 RPM"
https://www.dremel.com/us/en/projects/makers/justin-brooker,Maker: Justin Brooker | Dremel,li,Use it along with the Dremel Flexible Shaft attachment to get into those hard to reach places along with a variety of cutting burrs
https://www.dremel.com/us/en/projects/makers/justin-brooker,Maker: Justin Brooker | Dremel,li,"Patience is key, along with a steady and well controlled hand"
https://www.dremel.com/us/en/projects/makers/justin-brooker,Maker: Justin Brooker | Dremel,li,Practise your designs before doing your final engraving
https://www.dremel.com/us/en/projects/makers/justin-brooker,Maker: Justin Brooker | Dremel,li,Select a piece of artwork and draw your outline on an aluminium sheet
https://www.dremel.com/us/en/projects/makers/justin-brooker,Maker: Justin Brooker | Dremel,li,Take a Dremel Multi- Tool such as the 4000 or 4300 with the Dremel Flexible Shaft to give you the freedom of movement and carry less weight
https://www.dremel.com/us/en/projects/makers/justin-brooker,Maker: Justin Brooker | Dremel,li,Use a variety of cutting burrs to engrave your design
https://www.dremel.com/us/en/projects/makers/justin-brooker,Maker: Justin Brooker | Dremel,li,Keep the original artwork for reference and visualise your finished piece
https://www.dremel.com/us/en/projects/makers/justin-brooker,Maker: Justin Brooker | Dremel,li,Have a selection of cutting burrs ready for shading different areas which may have different levels of detail
https://www.dremel.com/us/en/projects/applications/carving,All you need when carving wood | Dremel,h2,Step-by-Step Guide to Carving a Wooden Spoon
https://www.dremel.com/us/en/projects/applications/carving,All you need when carving wood | Dremel,p,Check out the project inspiration and informational guides we have put together for you.
https://www.dremel.com/us/en/projects/applications/carving,All you need when carving wood | Dremel,p,So you're wondering about woodcarving and you want to create something useful?
https://www.dremel.com/us/en/projects/applications/carving,All you need when carving wood | Dremel,p,Read on for an easy step-by-step guide to carving a wooden spoon.
https://www.dremel.com/us/en/projects/applications/carving,All you need when carving wood | Dremel,p,Watch how toy animals are turned into a fun coat rack in this inspiring video.
https://www.dremel.com/us/en/projects/applications/cutting,Cutting | Dremel,h2,Turn an Old Suitcase into a Pet-feeding Station
https://www.dremel.com/us/en/projects/applications/cutting,Cutting | Dremel,h2,Step-by-Step Guide to Creating Wooden Animals
https://www.dremel.com/us/en/projects/applications/cutting,Cutting | Dremel,h3,Tips and Tricks for Using Your Dremel Rotary Tool
https://www.dremel.com/us/en/projects/applications/cutting,Cutting | Dremel,p,Have you decided you’d like to try your hand at improving your home by learning more about cutting?
https://www.dremel.com/us/en/projects/applications/cutting,Cutting | Dremel,p,Our collection will guide you through everything from cutting tools to the materials they’re suited to.
https://www.dremel.com/us/en/projects/applications/cutting,Cutting | Dremel,p,Be inspired to turn something old into something new with our step-by-step tutorial.
https://www.dremel.com/us/en/projects/applications/cutting,Cutting | Dremel,p,All you need is a Dremel and cutting tools.
https://www.dremel.com/us/en/projects/applications/cutting,Cutting | Dremel,p,Are you looking to build on your DIY skills?
https://www.dremel.com/us/en/projects/applications/cutting,Cutting | Dremel,p,Follow our step-by-step guide and put your wood cutting tools to good use by making wooden animals.
https://www.dremel.com/us/en/projects/makers,Makers from all over the world | Dremel,h3,Extraordinary Maker: Film Prop Maker Gábor Csiki
https://www.dremel.com/us/en/projects/makers,Makers from all over the world | Dremel,p,At Dremel we love connecting with Makers worldwide who share their talent and passion using our tools.
https://www.dremel.com/us/en/projects/makers,Makers from all over the world | Dremel,p,"Get to know some of the Makers who use Dremel tools for creating exciting and innovative DIY projects in restoration, upcycling and repurposing."
https://www.dremel.com/us/en/projects/makers,Makers from all over the world | Dremel,p,"Fashion, art and car restoration are just a few project areas our Makers are actively involved in using our tools."
https://www.dremel.com/us/en/projects/makers,Makers from all over the world | Dremel,p,"He first bought a Dremel 4000 8 years ago, which he still uses to this day."
https://www.dremel.com/us/en/projects/project-plans/engraving-leather-bag,How to engrave a leather bag | Dremel,h1,Step-by-step guide to Engraving leather bag
https://www.dremel.com/us/en/projects/project-plans/engraving-leather-bag,How to engrave a leather bag | Dremel,p,Watch how Jelena uses the Dremel Stylo+ to engrave a leather bag.
https://www.dremel.com/us/en/projects/project-plans/engraving-leather-bag,How to engrave a leather bag | Dremel,p,Learn how to perfect your skills using the included accessories to create a beautiful finish to your personalised bag!
https://www.dremel.com/us/en/projects/project-plans/engraving-leather-bag,How to engrave a leather bag | Dremel,p,Firstly transfer your design onto the bag by cutting out your chosen design and a piece of carbon paper of the same size.
https://www.dremel.com/us/en/projects/project-plans/engraving-leather-bag,How to engrave a leather bag | Dremel,p,Use the darker side of the carbon paper on the bag and trace the lines using a pencil or a stitching awl.
https://www.dremel.com/us/en/projects/project-plans/engraving-leather-bag,How to engrave a leather bag | Dremel,p,Take care to hold this awl as vertical as possible.
https://www.dremel.com/us/en/projects/project-plans/engraving-leather-bag,How to engrave a leather bag | Dremel,p,Use the Dremel Stylo+ and the the 0.8mm Engraving Cutter for precise application.
https://www.dremel.com/us/en/projects/project-plans/engraving-leather-bag,How to engrave a leather bag | Dremel,p,Remember to turn the Collet Lock to tighten the accessory and gently trace the design using multiple small strokes.
https://www.dremel.com/us/en/projects/project-plans/engraving-leather-bag,How to engrave a leather bag | Dremel,p,For thicker lines make sure to use a larger engraving cutter.
https://www.dremel.com/us/en/projects/project-plans/engraving-leather-bag,How to engrave a leather bag | Dremel,p,For a neat and beautiful finish to the edges of your personalised bag use a cutting accessory.
https://www.dremel.com/us/en/projects/project-plans/engraving-leather-bag,How to engrave a leather bag | Dremel,p,You can also polish and sand the edges using the accessories included in the Stylo+ kit.
https://www.dremel.com/us/en/projects/project-plans/engraving-leather-bag,How to engrave a leather bag | Dremel,p,Grease the leather with dubbin and your leather engraved bag is completed!
https://www.dremel.com/us/en/projects/project-plans/engraving-leather-bag,How to engrave a leather bag | Dremel,li,Dremel 2050-15 Stylo+ Versatile Craft Tool
https://www.dremel.com/us/en/projects/project-plans/engraving-leather-bag,How to engrave a leather bag | Dremel,li,ArticlesCreate Your Own Pattern Roller With a Hot Glue Gun
https://www.dremel.com/us/en/projects/project-plans/engraving-leather-bag,How to engrave a leather bag | Dremel,li,ProjectsCreate a Coffee Cup Sleeve out of Glue
https://www.dremel.com/us/en/projects/applications/cleaning-and-polishing,Cleaning And Polishing Overview Page | Dremel,h3,Tips and Tricks for Cleaning and Polishing
https://www.dremel.com/us/en/projects/applications/cleaning-and-polishing,Cleaning And Polishing Overview Page | Dremel,p,"From comparing suitable accessories to insightful do's and don'ts, Dremel has something for every cleaning and polishing project."
https://www.dremel.com/us/en/projects/applications/cleaning-and-polishing,Cleaning And Polishing Overview Page | Dremel,p,Delve into this inspirational upcycling project and transform an old wire basket into a smart sidetable with your Dremel Rotary Tool.
https://www.dremel.com/us/en/projects/applications/moving-house,"Moving House: Tips, Tools and DIY Home Hacks with Dremel | Dremel",h2,How to Cut and Fit Laminate Flooring 5 Step Guide
https://www.dremel.com/us/en/projects/applications/moving-house,"Moving House: Tips, Tools and DIY Home Hacks with Dremel | Dremel",h2,How to Change the Tiling Around Your Toilet with Dremel US20V
https://www.dremel.com/us/en/projects/applications/moving-house,"Moving House: Tips, Tools and DIY Home Hacks with Dremel | Dremel",h2,Step-by-Step: Restore an Old Window Frame
https://www.dremel.com/us/en/projects/applications/moving-house,"Moving House: Tips, Tools and DIY Home Hacks with Dremel | Dremel",h2,Create Your Own Pattern Roller With a Hot Glue Gun
https://www.dremel.com/us/en/projects/applications/moving-house,"Moving House: Tips, Tools and DIY Home Hacks with Dremel | Dremel",h2,Tips and Tricks for Moving into a New Home
https://www.dremel.com/us/en/projects/applications/moving-house,"Moving House: Tips, Tools and DIY Home Hacks with Dremel | Dremel",p,Now’s the perfect time to dust off your tools and your DIY skills too.
https://www.dremel.com/us/en/projects/applications/moving-house,"Moving House: Tips, Tools and DIY Home Hacks with Dremel | Dremel",p,Laminate floor and fitted neatly into the foot of the skirting board?
https://www.dremel.com/us/en/projects/applications/moving-house,"Moving House: Tips, Tools and DIY Home Hacks with Dremel | Dremel",p,Simply take your Dremel DSM20 Compact Saw and flush cut into the skirting board
https://www.dremel.com/us/en/projects/applications/moving-house,"Moving House: Tips, Tools and DIY Home Hacks with Dremel | Dremel",p,Follow our step-by-step guide and put your router tool to good use by making a modern floating shelf.
https://www.dremel.com/us/en/projects/applications/moving-house,"Moving House: Tips, Tools and DIY Home Hacks with Dremel | Dremel",p,Learn how to change the tiling around your toilet using a Dremel compact saw.
https://www.dremel.com/us/en/projects/applications/moving-house,"Moving House: Tips, Tools and DIY Home Hacks with Dremel | Dremel",p,"Learn how to restore an old window frame perfectly, and improve your sanding skills at the same time."
https://www.dremel.com/us/en/projects/applications/moving-house,"Moving House: Tips, Tools and DIY Home Hacks with Dremel | Dremel",p,Watch this inventive Dremel video and be inspired to upcycle a plain table into a unique home office desk – with tablet stand and cable catcher.
https://www.dremel.com/us/en/projects/applications/moving-house,"Moving House: Tips, Tools and DIY Home Hacks with Dremel | Dremel",p,Check out Dremel’s inspirational video and learn how to make your very own industrial-style copper clothes rack.
https://www.dremel.com/us/en/projects/applications/moving-house,"Moving House: Tips, Tools and DIY Home Hacks with Dremel | Dremel",p,Get your tools and sanding equipment and breathe new life into an old chair.
https://www.dremel.com/us/en/projects/applications/moving-house,"Moving House: Tips, Tools and DIY Home Hacks with Dremel | Dremel",p,"In this easy-to-follow DIY video, learn how to create a unique decorative pattern roller with a hot melt glue gun and a paint roller."
https://www.dremel.com/us/en/projects/applications/moving-house,"Moving House: Tips, Tools and DIY Home Hacks with Dremel | Dremel",p,Searching for your next engraving challenge?
https://www.dremel.com/us/en/projects/applications/moving-house,"Moving House: Tips, Tools and DIY Home Hacks with Dremel | Dremel",p,See how an everyday salad bowl is transformed into a unique pendant lamp.
https://www.dremel.com/us/en/projects/applications/moving-house,"Moving House: Tips, Tools and DIY Home Hacks with Dremel | Dremel",p,These guidelines on what to do and what not to do while completing DIY projects will save you lots of time and energy when moving houses.
https://www.dremel.com/us/en/projects/applications/moving-house,"Moving House: Tips, Tools and DIY Home Hacks with Dremel | Dremel",p,Follow our guide to avoid the most common mistakes people make when sanding.
https://www.dremel.com/us/en/projects/applications/moving-house,"Moving House: Tips, Tools and DIY Home Hacks with Dremel | Dremel",p,"Learn what to do and not to do before you begin, and you’ll have smooth surfaces in no time!"
https://www.dremel.com/us/en/projects/applications/grinding-and-sharpening,Grinding and sharpening | Dremel,p,"Whether you’re are trying to learn the basics, want to take all the necessary safety precautions or create your own clothes rack, your next grinding or sharpening project is off to a good start with Dremel."
https://www.dremel.com/us/en/projects/makers/harry-arling,Maker: Harry Arling | Dremel,h2,Do you have any tips that you'd like to share?
https://www.dremel.com/us/en/projects/makers/harry-arling,Maker: Harry Arling | Dremel,h2,What's the best reaction you've ever had to your works of art?
https://www.dremel.com/us/en/projects/makers/harry-arling,Maker: Harry Arling | Dremel,p,We asked Harry how he comes up with his ideas and where he gets his inspiration from.
https://www.dremel.com/us/en/projects/makers/harry-arling,Maker: Harry Arling | Dremel,p,“I create 'kosmotronics' – which are works of art made from plastic waste.
https://www.dremel.com/us/en/projects/makers/harry-arling,Maker: Harry Arling | Dremel,p,My work ranges from little water pistols to dust busters and from hard hats to big plastic Easter eggs – every last little bit of plastic is put to good use.
https://www.dremel.com/us/en/projects/makers/harry-arling,Maker: Harry Arling | Dremel,p,People don't always believe that my works of art are made almost entirely from plastic.
https://www.dremel.com/us/en/projects/makers/harry-arling,Maker: Harry Arling | Dremel,p,"Sometimes I'm commissioned to produce a work of art, in which case the final product will depend on what my client wants."
https://www.dremel.com/us/en/projects/makers/harry-arling,Maker: Harry Arling | Dremel,p,"For example, I was once asked to turn a hard hat into a hanging work of art."
https://www.dremel.com/us/en/projects/makers/harry-arling,Maker: Harry Arling | Dremel,p,"The client wanted the shape of the hard hat to be recognisable, but for the ultimate piece to be intended for a very different use."
https://www.dremel.com/us/en/projects/makers/harry-arling,Maker: Harry Arling | Dremel,p,"People often give me material, or I'll find it somewhere."
https://www.dremel.com/us/en/projects/makers/harry-arling,Maker: Harry Arling | Dremel,p,"Sometimes, I'll have it lying around in a corner somewhere for half a year before I finally get round to using it."
https://www.dremel.com/us/en/projects/makers/harry-arling,Maker: Harry Arling | Dremel,p,"Because a lot of my pieces are quite small, my preferred equipment to use is a Dremel multi-tool with a flexible shaft."
https://www.dremel.com/us/en/projects/makers/harry-arling,Maker: Harry Arling | Dremel,p,I find this attachment a lot more versatile and manageable than other tools.”
https://www.dremel.com/us/en/projects/makers/harry-arling,Maker: Harry Arling | Dremel,p,"“I discovered, by coincidence, that polishing works very well with soft plastics."
https://www.dremel.com/us/en/projects/makers/harry-arling,Maker: Harry Arling | Dremel,p,"However, soft plastic melts faster, so it’s wise to use a slower rotation speed."
https://www.dremel.com/us/en/projects/makers/harry-arling,Maker: Harry Arling | Dremel,p,"The polishing wheel creates a soft and smooth surface, because of which paint sticks easier too."
https://www.dremel.com/us/en/projects/makers/harry-arling,Maker: Harry Arling | Dremel,p,A great way to kill two birds with just one stone!”
https://www.dremel.com/us/en/projects/makers/harry-arling,Maker: Harry Arling | Dremel,p,"I really wanted to be part of the event, but you have to pay to exhibit there."
https://www.dremel.com/us/en/projects/makers/harry-arling,Maker: Harry Arling | Dremel,p,"Thanks to crowdfunding, I was eventually able to participate and exhibit two works of art as it would cost more to exhibit a third piece."
https://www.dremel.com/us/en/projects/makers/harry-arling,Maker: Harry Arling | Dremel,p,"I decided to opt for a different approach, I wore one of my works of art: a kosmotronic hard hat!"
https://www.dremel.com/us/en/projects/makers/harry-arling,Maker: Harry Arling | Dremel,p,"The event was attended by a total of 450 artists, but within no time at all, everyone was talking about my hard hat."
https://www.dremel.com/us/en/projects/makers/harry-arling,Maker: Harry Arling | Dremel,p,"That was quite a smart thing to do, even if I do say so myself."
https://www.dremel.com/us/en/projects/makers/harry-arling,Maker: Harry Arling | Dremel,p,He tells you tips on the types of material to use and best techniques to achieve intricate and personal engraved projects.
https://www.dremel.com/us/en/projects/project-plans/create-this-amazing-centerpiece-for-your-festive-table,Create this amazing centerpiece for your festive table | Dremel,h1,Create this amazing centerpiece for your festive table
https://www.dremel.com/us/en/projects/project-plans/create-this-amazing-centerpiece-for-your-festive-table,Create this amazing centerpiece for your festive table | Dremel,h3,Engrave Snowflake Motifs on Glass Ornaments
https://www.dremel.com/us/en/projects/project-plans/create-this-amazing-centerpiece-for-your-festive-table,Create this amazing centerpiece for your festive table | Dremel,h3,Apply Glue Gun Designs for a Unique Snowflake Pattern
https://www.dremel.com/us/en/projects/project-plans/create-this-amazing-centerpiece-for-your-festive-table,Create this amazing centerpiece for your festive table | Dremel,h3,Embellish with Silver Glitter for a Finished Look
https://www.dremel.com/us/en/projects/project-plans/create-this-amazing-centerpiece-for-your-festive-table,Create this amazing centerpiece for your festive table | Dremel,p,Fold your soft cloth or towel to create a cushioned surface and place the clear glass ornament down on top of it.
https://www.dremel.com/us/en/projects/project-plans/create-this-amazing-centerpiece-for-your-festive-table,Create this amazing centerpiece for your festive table | Dremel,p,"Take your Dremel® 3000 with the Flex Shaft attached and insert the Diamond Wheel Engraving Point 7105 and engrave a series of larger and smaller snowflake motifs randomly around the ornament, leaving gaps in-between the designs."
https://www.dremel.com/us/en/projects/project-plans/create-this-amazing-centerpiece-for-your-festive-table,Create this amazing centerpiece for your festive table | Dremel,p,You need to be very delicate and under no circumstances should you press on the surface or you will shatter the fragile glas+I14s ornament.
https://www.dremel.com/us/en/projects/project-plans/create-this-amazing-centerpiece-for-your-festive-table,Create this amazing centerpiece for your festive table | Dremel,p,Be sure to wear your Dremel eye safety goggles.
https://www.dremel.com/us/en/projects/project-plans/create-this-amazing-centerpiece-for-your-festive-table,Create this amazing centerpiece for your festive table | Dremel,p,Put a clear glue stick into the dual temperature Glue Gun 930 and place it in position on your Dremel Glue Mat.
https://www.dremel.com/us/en/projects/project-plans/create-this-amazing-centerpiece-for-your-festive-table,Create this amazing centerpiece for your festive table | Dremel,p,Switch the gun to the cool heat setting before leaving the gun to warm up.
https://www.dremel.com/us/en/projects/project-plans/create-this-amazing-centerpiece-for-your-festive-table,Create this amazing centerpiece for your festive table | Dremel,p,Then use your Dremel Glue Gun 930 to draw a delicate snowflake motif in-between the engraved snowflakes.
https://www.dremel.com/us/en/projects/project-plans/create-this-amazing-centerpiece-for-your-festive-table,Create this amazing centerpiece for your festive table | Dremel,p,"Working quickly so that the glue remains sticky, lay your Dremel Glue Gun 930 safely on the Dremel Glue Mat and, holding the ornament over the glass bowl with the white glitter, use the spoon to sprinkle glitter onto the tacky glue."
https://www.dremel.com/us/en/projects/project-plans/create-this-amazing-centerpiece-for-your-festive-table,Create this amazing centerpiece for your festive table | Dremel,p,Ensure the entire motif is covered in glitter before very gently tapping the excess off back onto the plate.
https://www.dremel.com/us/en/projects/project-plans/create-this-amazing-centerpiece-for-your-festive-table,Create this amazing centerpiece for your festive table | Dremel,p,Allow the Dremel Glue Gun 930 times to cool down then fit it with a silver glitter glue stick.
https://www.dremel.com/us/en/projects/project-plans/create-this-amazing-centerpiece-for-your-festive-table,Create this amazing centerpiece for your festive table | Dremel,p,"With your Glue Gun set to the cool temperature, apply silver glitter glue to further enhance and embellish the engraved and glittered motifs using the finished picture as a guide."
https://www.dremel.com/us/en/projects/project-plans/create-this-amazing-centerpiece-for-your-festive-table,Create this amazing centerpiece for your festive table | Dremel,li,"3"" diameter clear glass Christmas ornaments"
https://www.dremel.com/us/en/projects/project-plans/create-this-amazing-centerpiece-for-your-festive-table,Create this amazing centerpiece for your festive table | Dremel,li,ProjectsFestive DIY Napkin Rings for your Holiday Table
https://www.dremel.com/us/en/projects/project-plans/how-to-set-up-your-home-office-with-a-diy-cable-management-box,How to set up your home office with a DIY Cable Management Box | Dremel,p,A home office desk becomes a mess in no time.
https://www.dremel.com/us/en/projects/project-plans/how-to-set-up-your-home-office-with-a-diy-cable-management-box,How to set up your home office with a DIY Cable Management Box | Dremel,p,"Alongside pens, notebooks, a cup of coffee and some snacks, there’s usually a laptop, mobile phone and tablet lying around."
https://www.dremel.com/us/en/projects/project-plans/how-to-set-up-your-home-office-with-a-diy-cable-management-box,How to set up your home office with a DIY Cable Management Box | Dremel,p,"In just a few steps, you can easily create your own cable box."
https://www.dremel.com/us/en/projects/project-plans/how-to-set-up-your-home-office-with-a-diy-cable-management-box,How to set up your home office with a DIY Cable Management Box | Dremel,p,"As a result, you will have a clean and tidy home office set-up with all your cables managed in one box."
https://www.dremel.com/us/en/projects/project-plans/how-to-set-up-your-home-office-with-a-diy-cable-management-box,How to set up your home office with a DIY Cable Management Box | Dremel,p,How many holes would you like your cable organizer to have?
https://www.dremel.com/us/en/projects/project-plans/how-to-set-up-your-home-office-with-a-diy-cable-management-box,How to set up your home office with a DIY Cable Management Box | Dremel,p,This depends on the size of your box and how many sockets will need to fit in it.
https://www.dremel.com/us/en/projects/project-plans/how-to-set-up-your-home-office-with-a-diy-cable-management-box,How to set up your home office with a DIY Cable Management Box | Dremel,p,"If you have an extension cord with three sockets, make a cable box with three holes on one of the long sides for your three cables, and a hole on one of the short sides for the extension cord to plug into the mains."
https://www.dremel.com/us/en/projects/project-plans/how-to-set-up-your-home-office-with-a-diy-cable-management-box,How to set up your home office with a DIY Cable Management Box | Dremel,p,"Once you have a design in mind, you can sketch it on paper."
https://www.dremel.com/us/en/projects/project-plans/how-to-set-up-your-home-office-with-a-diy-cable-management-box,How to set up your home office with a DIY Cable Management Box | Dremel,p,"Draw the box in 3D, so you’ll have an idea of what it will look like."
https://www.dremel.com/us/en/projects/project-plans/how-to-set-up-your-home-office-with-a-diy-cable-management-box,How to set up your home office with a DIY Cable Management Box | Dremel,p,What kind of shape the holes will be is up to you.
https://www.dremel.com/us/en/projects/project-plans/how-to-set-up-your-home-office-with-a-diy-cable-management-box,How to set up your home office with a DIY Cable Management Box | Dremel,p,"Now that you’ve drawn your design on paper, it’s time to measure the wooden box that you’ll use as your cable organizer."
https://www.dremel.com/us/en/projects/project-plans/how-to-set-up-your-home-office-with-a-diy-cable-management-box,How to set up your home office with a DIY Cable Management Box | Dremel,p,"With a ruler, measure the long side of the box."
https://www.dremel.com/us/en/projects/project-plans/how-to-set-up-your-home-office-with-a-diy-cable-management-box,How to set up your home office with a DIY Cable Management Box | Dremel,p,"If you’re going to make three holes as we did in this video, divide the side of the box into three parts."
https://www.dremel.com/us/en/projects/project-plans/how-to-set-up-your-home-office-with-a-diy-cable-management-box,How to set up your home office with a DIY Cable Management Box | Dremel,p,"Determine where you want to cut out the holes and, using a pencil, mark these on the box."
https://www.dremel.com/us/en/projects/project-plans/how-to-set-up-your-home-office-with-a-diy-cable-management-box,How to set up your home office with a DIY Cable Management Box | Dremel,p,"You’ll also need to mark up a hole on the short side of the box, for the plug of the extension cord to go through."
https://www.dremel.com/us/en/projects/project-plans/how-to-set-up-your-home-office-with-a-diy-cable-management-box,How to set up your home office with a DIY Cable Management Box | Dremel,p,"Turn the box to the short side, measure where the middle is and mark it with a pencil."
https://www.dremel.com/us/en/projects/project-plans/how-to-set-up-your-home-office-with-a-diy-cable-management-box,How to set up your home office with a DIY Cable Management Box | Dremel,p,"Before you start cutting, draw your design onto the cable box."
https://www.dremel.com/us/en/projects/project-plans/how-to-set-up-your-home-office-with-a-diy-cable-management-box,How to set up your home office with a DIY Cable Management Box | Dremel,p,Use the marks you just drew as a starting point.
https://www.dremel.com/us/en/projects/project-plans/how-to-set-up-your-home-office-with-a-diy-cable-management-box,How to set up your home office with a DIY Cable Management Box | Dremel,p,"We have chosen semicircles, but you can do whatever you like."
https://www.dremel.com/us/en/projects/project-plans/how-to-set-up-your-home-office-with-a-diy-cable-management-box,How to set up your home office with a DIY Cable Management Box | Dremel,p,"For semicircles, draw a little straight line and use a compass to make a half circle."
https://www.dremel.com/us/en/projects/project-plans/how-to-set-up-your-home-office-with-a-diy-cable-management-box,How to set up your home office with a DIY Cable Management Box | Dremel,p,Repeat this step with all the marks you have made until your design is on the box.
https://www.dremel.com/us/en/projects/project-plans/how-to-set-up-your-home-office-with-a-diy-cable-management-box,How to set up your home office with a DIY Cable Management Box | Dremel,p,Now you’re almost ready to start cutting!
https://www.dremel.com/us/en/projects/project-plans/how-to-set-up-your-home-office-with-a-diy-cable-management-box,How to set up your home office with a DIY Cable Management Box | Dremel,p,"First, secure the box to your work bench using two clamps."
https://www.dremel.com/us/en/projects/project-plans/how-to-set-up-your-home-office-with-a-diy-cable-management-box,How to set up your home office with a DIY Cable Management Box | Dremel,p,"To distribute the pressure on the hollow box, you can put a piece of wood between the box and the clamps."
https://www.dremel.com/us/en/projects/project-plans/how-to-set-up-your-home-office-with-a-diy-cable-management-box,How to set up your home office with a DIY Cable Management Box | Dremel,p,Insert the Spiral Cutting Bit Multipurpose (561) into the accessory shaft of your Dremel Multi-Tool.
https://www.dremel.com/us/en/projects/project-plans/how-to-set-up-your-home-office-with-a-diy-cable-management-box,How to set up your home office with a DIY Cable Management Box | Dremel,p,Screw the Cutting Guide from the Multipurpose Cutting Kit (565) onto your Multi-Tool and put on safety goggles and a dust mask.
https://www.dremel.com/us/en/projects/project-plans/how-to-set-up-your-home-office-with-a-diy-cable-management-box,How to set up your home office with a DIY Cable Management Box | Dremel,p,Now you can carefully cut out the shapes by following the design.
https://www.dremel.com/us/en/projects/project-plans/how-to-set-up-your-home-office-with-a-diy-cable-management-box,How to set up your home office with a DIY Cable Management Box | Dremel,p,"Well done, your cable management box is nearly finished!"
https://www.dremel.com/us/en/projects/project-plans/how-to-set-up-your-home-office-with-a-diy-cable-management-box,How to set up your home office with a DIY Cable Management Box | Dremel,p,Use the Dremel EZ SpeedClic: Detail Abrasive Brush 120 grit (472S) together with the EZ SpeedClic Mandrel (SC402) to remove any splinters.
https://www.dremel.com/us/en/projects/project-plans/how-to-set-up-your-home-office-with-a-diy-cable-management-box,How to set up your home office with a DIY Cable Management Box | Dremel,p,Start sanding and keep on going until the edges are smooth.
https://www.dremel.com/us/en/projects/project-plans/how-to-set-up-your-home-office-with-a-diy-cable-management-box,How to set up your home office with a DIY Cable Management Box | Dremel,p,"Afterwards, place the cable organizer on your desk and insert the extension coad into it."
https://www.dremel.com/us/en/projects/project-plans/how-to-set-up-your-home-office-with-a-diy-cable-management-box,How to set up your home office with a DIY Cable Management Box | Dremel,p,Don’t forget to display your favorite books and a nice plant on the box to add a little flair to it.
https://www.dremel.com/us/en/projects/project-plans/how-to-set-up-your-home-office-with-a-diy-cable-management-box,How to set up your home office with a DIY Cable Management Box | Dremel,p,You have just made the perfect home office set-up.
https://www.dremel.com/us/en/projects/project-plans/how-to-set-up-your-home-office-with-a-diy-cable-management-box,How to set up your home office with a DIY Cable Management Box | Dremel,li,How to makeDIY Flip Over Calendar: Craft Your Own Calendar!
https://www.dremel.com/us/en/projects/applications/engraving,Everything You Need to Know About Engraving | Dremel,h3,How to Become a Master at Engraving Glass
https://www.dremel.com/us/en/projects/applications/engraving,Everything You Need to Know About Engraving | Dremel,p,"This collection of information from Dremel will help you get the most out of your next engraving project, whether it’s on glass, wood, leather, metal or any other material."
https://www.dremel.com/us/en/projects/applications/engraving,Everything You Need to Know About Engraving | Dremel,p,Create unique handmade jewelry for your loved ones with your Dremel Multi-Tool.
https://www.dremel.com/us/en/projects/applications/engraving,Everything You Need to Know About Engraving | Dremel,p,Learn the art of engraving to make personalized gifts.
https://www.dremel.com/us/en/projects/applications/engraving,Everything You Need to Know About Engraving | Dremel,p,Transform glass coasters into personalized gifts with unique etched designs.
https://www.dremel.com/us/en/projects/applications/engraving,Everything You Need to Know About Engraving | Dremel,p,Follow our guide to create handmade coasters for friends and family.
https://www.dremel.com/us/en/projects/applications/diy-craft-ideas-made-for-kids,Fun and easy DIY craft ideas made for kids | Dremel | Dremel,h2,How to Easily Build a Kid's Wooden Treasure Chest
https://www.dremel.com/us/en/projects/applications/diy-craft-ideas-made-for-kids,Fun and easy DIY craft ideas made for kids | Dremel | Dremel,p,Want to be the world’s most awesome parent?
https://www.dremel.com/us/en/projects/applications/diy-craft-ideas-made-for-kids,Fun and easy DIY craft ideas made for kids | Dremel | Dremel,p,Just pick one of Dremel’s dazzling DIY projects for your kids and have a go.
https://www.dremel.com/us/en/projects/applications/diy-craft-ideas-made-for-kids,Fun and easy DIY craft ideas made for kids | Dremel | Dremel,p,"Tidy-up tantrums are a thing of the past with this playful yet practical DIY treasure chest, perfect for all your kids’ toys."
https://www.dremel.com/us/en/projects/applications/diy-craft-ideas-made-for-kids,Fun and easy DIY craft ideas made for kids | Dremel | Dremel,p,"If you’re brimming with easy craft ideas for kids but don’t know where to start, take a look at these brilliant beginners’ guides."
https://www.dremel.com/us/en/projects/applications/diy-craft-ideas-made-for-kids,Fun and easy DIY craft ideas made for kids | Dremel | Dremel,p,Looking to try your hand at improving or decorating your home and creating handy gadgets?
https://www.dremel.com/us/en/projects/applications/diy-craft-ideas-made-for-kids,Fun and easy DIY craft ideas made for kids | Dremel | Dremel,p,"Well, you’re certainly in the right place."
https://www.dremel.com/us/en/projects/applications/diy-craft-ideas-made-for-kids,Fun and easy DIY craft ideas made for kids | Dremel | Dremel,p,Follow our step-by-step beginner’s guide and learn everything you need to know to get started routing.
https://www.dremel.com/us/en/projects/applications/diy-craft-ideas-made-for-kids,Fun and easy DIY craft ideas made for kids | Dremel | Dremel,p,"Whether you want to cut holes in drywall or make a planter box, Dremel’s cutting tools will take you there."
https://www.dremel.com/us/en/projects/applications/diy-craft-ideas-made-for-kids,Fun and easy DIY craft ideas made for kids | Dremel | Dremel,p,"In our handy beginner’s guide to cutting, we’ll run you through the basics and you’ll be improving your home in no time."
https://www.dremel.com/us/en/projects/applications/diy-craft-ideas-made-for-kids,Fun and easy DIY craft ideas made for kids | Dremel | Dremel,p,"In our handy beginner’s guide to sanding, you will learn all the basics needed to become a master in no time."
https://www.dremel.com/us/en/projects/applications/diy-craft-ideas-made-for-kids,Fun and easy DIY craft ideas made for kids | Dremel | Dremel,p,"In our handy beginner’s guide, we run you through everything from picking the right materials to the Dremel accessories that go with them, so you can start your engraving journey in no time."
https://www.dremel.com/us/en/projects/applications/diy-craft-ideas-made-for-kids,Fun and easy DIY craft ideas made for kids | Dremel | Dremel,p,"With Dremel’s clever lists of DIY dos and don’ts, your next crafts project for kids will go without a hitch."
https://www.dremel.com/us/en/projects/project-plans/intelligent-dog-toy,How to Make a DIY Intelligent Dog Toy with Drawer | Dremel,h1,How to Make a DIY Intelligent Dog Toy with Drawer
https://www.dremel.com/us/en/projects/project-plans/intelligent-dog-toy,How to Make a DIY Intelligent Dog Toy with Drawer | Dremel,p,"Learn how to create an interactive, intelligent dog toy using Dremel® tools."
https://www.dremel.com/us/en/projects/project-plans/intelligent-dog-toy,How to Make a DIY Intelligent Dog Toy with Drawer | Dremel,p,This clever DIY project features a drawer with a pull cord that hides a treat for your dog to find and enjoy.
https://www.dremel.com/us/en/projects/project-plans/intelligent-dog-toy,How to Make a DIY Intelligent Dog Toy with Drawer | Dremel,p,Perfect for keeping your pet entertained and mentally stimulated!
https://www.dremel.com/us/en/projects/project-plans/intelligent-dog-toy,How to Make a DIY Intelligent Dog Toy with Drawer | Dremel,p,Start by using the Dremel Glue Gun to stick together ten pre-cut birch plywood sheets.
https://www.dremel.com/us/en/projects/project-plans/intelligent-dog-toy,How to Make a DIY Intelligent Dog Toy with Drawer | Dremel,p,Create an open-top drawer and a box that is open at the front.
https://www.dremel.com/us/en/projects/project-plans/intelligent-dog-toy,How to Make a DIY Intelligent Dog Toy with Drawer | Dremel,p,Make sure everything is aligned correctly.
https://www.dremel.com/us/en/projects/project-plans/intelligent-dog-toy,How to Make a DIY Intelligent Dog Toy with Drawer | Dremel,p,"Once the glue is dry, use the Dremel 3000 with sanding bands to carefully sand the edges of both the drawer and the box, ensuring a smooth finish."
https://www.dremel.com/us/en/projects/project-plans/intelligent-dog-toy,How to Make a DIY Intelligent Dog Toy with Drawer | Dremel,p,"Take a ruler and mark two spots in the center of the drawer, 4 inches apart."
https://www.dremel.com/us/en/projects/project-plans/intelligent-dog-toy,How to Make a DIY Intelligent Dog Toy with Drawer | Dremel,p,These will be the locations for attaching the pull cord handle.
https://www.dremel.com/us/en/projects/project-plans/intelligent-dog-toy,How to Make a DIY Intelligent Dog Toy with Drawer | Dremel,p,Cut a 10-inch piece of rope and tie a knot at each end.
https://www.dremel.com/us/en/projects/project-plans/intelligent-dog-toy,How to Make a DIY Intelligent Dog Toy with Drawer | Dremel,p,Screw the knots into the marked spots on the drawer.
https://www.dremel.com/us/en/projects/project-plans/intelligent-dog-toy,How to Make a DIY Intelligent Dog Toy with Drawer | Dremel,p,Ensure the screw tips slightly protrude from the opposite side of the plywood.
https://www.dremel.com/us/en/projects/project-plans/intelligent-dog-toy,How to Make a DIY Intelligent Dog Toy with Drawer | Dremel,p,"Using the Dremel 3000 with the EZ SpeedClic SC456 metal cutting wheel, trim the ends of the screws inside the drawer to prevent any sharp edges from sticking out."
https://www.dremel.com/us/en/projects/project-plans/intelligent-dog-toy,How to Make a DIY Intelligent Dog Toy with Drawer | Dremel,p,Customize your dog toy by painting the outer box with your desired design.
https://www.dremel.com/us/en/projects/project-plans/intelligent-dog-toy,How to Make a DIY Intelligent Dog Toy with Drawer | Dremel,p,Use eco-friendly acrylic paints to make the box visually appealing and safe for your pet.
https://www.dremel.com/us/en/projects/project-plans/intelligent-dog-toy,How to Make a DIY Intelligent Dog Toy with Drawer | Dremel,li,"EZ426CU EZ Lock 1 1/4"" Metal Wheel, 3-pack"
https://www.dremel.com/us/en/projects/project-plans/intelligent-dog-toy,How to Make a DIY Intelligent Dog Toy with Drawer | Dremel,li,"1 piece of birch plywood (10"" x 7"" x 1/2"") (drawer bottom)"
https://www.dremel.com/us/en/projects/project-plans/intelligent-dog-toy,How to Make a DIY Intelligent Dog Toy with Drawer | Dremel,li,"2 pieces of birch plywood (10"" x 4"" x 1/2"") (drawer sides)"
https://www.dremel.com/us/en/projects/project-plans/intelligent-dog-toy,How to Make a DIY Intelligent Dog Toy with Drawer | Dremel,li,"2 pieces of birch plywood (7"" x 4.5"" x 1/2"") (drawer front and back)"
https://www.dremel.com/us/en/projects/project-plans/intelligent-dog-toy,How to Make a DIY Intelligent Dog Toy with Drawer | Dremel,li,"2 pieces of birch plywood (10.5"" x 8.25"" x 1/2"") (bottom and top of outer box)"
https://www.dremel.com/us/en/projects/project-plans/intelligent-dog-toy,How to Make a DIY Intelligent Dog Toy with Drawer | Dremel,li,"2 pieces of birch plywood (10.5"" x 4.75"" x 1/2"") (outer box sides)"
https://www.dremel.com/us/en/projects/project-plans/intelligent-dog-toy,How to Make a DIY Intelligent Dog Toy with Drawer | Dremel,li,"1 piece of birch plywood (8.25"" x 5"" cm x 1/2"") (outer box back)"
https://www.dremel.com/us/en/projects/project-plans/intelligent-dog-toy,How to Make a DIY Intelligent Dog Toy with Drawer | Dremel,li,ProjectsStep by Step Guide: How to Groom Your Pet's Nails
https://www.dremel.com/us/en/projects/project-plans/intelligent-dog-toy,How to Make a DIY Intelligent Dog Toy with Drawer | Dremel,li,How to makeStep by Step Guide Build a Cozy DIY Cat House
https://www.dremel.com/us/en/projects/project-plans/intelligent-dog-toy,How to Make a DIY Intelligent Dog Toy with Drawer | Dremel,li,How to makeHow to Create a Custom Engraved Leather Dog Collar
https://www.dremel.com/us/en/projects/makers/extraordinary-maker-becky-smith,Extraordinary Maker: Glue-Gun Artist Becky Smith | Dremel,p,"Meet Becky Smith, an up-and-coming artist and extraordinary maker from the United Kingdom."
https://www.dremel.com/us/en/projects/makers/extraordinary-maker-becky-smith,Extraordinary Maker: Glue-Gun Artist Becky Smith | Dremel,p,Becky creates inspiring 3D works of art using a glue gun.
https://www.dremel.com/us/en/projects/makers/extraordinary-maker-becky-smith,Extraordinary Maker: Glue-Gun Artist Becky Smith | Dremel,p,"In this inspiring video, she talks us through her glue-art paintings, the inspiration she gets from social media, and explains how her passion for drawing crafted her career as an artist."
https://www.dremel.com/us/en/projects/makers/extraordinary-maker-becky-smith,Extraordinary Maker: Glue-Gun Artist Becky Smith | Dremel,p,"Since childhood, Becky Smith knew she wanted to be an artist, but it wasn’t until she left a painting course at school that she developed her unique style."
https://www.dremel.com/us/en/projects/makers/extraordinary-maker-becky-smith,Extraordinary Maker: Glue-Gun Artist Becky Smith | Dremel,p,"Her use of glue adds interesting 3D and texture dimensions to her creations, as well as decorative features such as gold leaf and diamond dust."
https://www.dremel.com/us/en/projects/makers/extraordinary-maker-becky-smith,Extraordinary Maker: Glue-Gun Artist Becky Smith | Dremel,p,"These techniques create beautiful and unique portraits, as you’ll see in this inspiring video."
https://www.dremel.com/us/en/projects/makers/extraordinary-maker-becky-smith,Extraordinary Maker: Glue-Gun Artist Becky Smith | Dremel,li,ProjectsStep-by-step guide to creating stamped pictures
https://www.dremel.com/us/en/projects/makers/extraordinary-maker-becky-smith,Extraordinary Maker: Glue-Gun Artist Becky Smith | Dremel,li,ProjectsStep-by-step guide to Engraving leather bag
https://www.dremel.com/us/en/projects/applications/upcycling,Upcycling | Dremel,h2,Turn a Chopping Board into a Wireless Phone Charger
https://www.dremel.com/us/en/projects/applications/upcycling,Upcycling | Dremel,p,"If you’d like to lead a sustainable and stylish life, upcycling is the way to go."
https://www.dremel.com/us/en/projects/applications/upcycling,Upcycling | Dremel,p,Instantly add flair to your home by revamping preloved items with the help of your Dremel tools.
https://www.dremel.com/us/en/projects/applications/upcycling,Upcycling | Dremel,p,Take inspiration from our step-by-step tutorial and turn something old into something new.
https://www.dremel.com/us/en/projects/applications/upcycling,Upcycling | Dremel,p,"All you need is your Dremel, and a few router bits."
https://www.dremel.com/us/en/projects/applications/upcycling,Upcycling | Dremel,p,Upside-down wooden hangers make an eye-catching coat rack for the hall.
https://www.dremel.com/us/en/projects/applications/upcycling,Upcycling | Dremel,p,With a saucepan or a waste bin and the right tools you can install this useful kitchen appliance yourself in next to no time.
https://www.dremel.com/us/en/projects/applications/upcycling,Upcycling | Dremel,p,Repurpose a pallet into a multifunctional table.
https://www.dremel.com/us/en/projects/applications/upcycling,Upcycling | Dremel,p,Transforming old baskets into charming outdoor décor is a great way to add a cozy touch to your outdoor hang-out space.
https://www.dremel.com/us/en/projects/applications/upcycling,Upcycling | Dremel,p,"With the help of the Dremel Rotary Tool and EZ409 EZ Lock Cut-off Wheel, you can easily repurpose these baskets into unique and stylish accessories."
https://www.dremel.com/us/en/projects/applications/upcycling,Upcycling | Dremel,p,Follow this step-by-step guide to create a warm and inviting atmosphere using repurposed baskets.
https://www.dremel.com/us/en/projects/applications/upcycling,Upcycling | Dremel,p,Create a shabby chic kitchen chandelier using old kitchen utensils.
https://www.dremel.com/us/en/projects/applications/upcycling,Upcycling | Dremel,p,"Learn the basics of engraving, cutting, routing, sanding, cleaning and polishing."
https://www.dremel.com/us/en/projects/applications/upcycling,Upcycling | Dremel,p,"In this beginner’s guide, you’ll learn everything you need to start cleaning and polishing in no time!"
https://www.dremel.com/us/en/projects/applications/upcycling,Upcycling | Dremel,p,Working on a new upcycling project and eager to improve your skills?
https://www.dremel.com/us/en/projects/applications/upcycling,Upcycling | Dremel,p,These guides will help you along the way.
https://www.dremel.com/us/en/projects/applications/upcycling,Upcycling | Dremel,p,Cleaning and polishing are all about the finer details.
https://www.dremel.com/us/en/projects/applications/upcycling,Upcycling | Dremel,p,"Whether you’re removing rust from a household item or polishing silver valuables, you want to get it just right."
https://www.dremel.com/us/en/projects/applications/upcycling,Upcycling | Dremel,p,"Follow our complete guide to help you avoid common mishaps, and save time while you clean or polish."
https://www.dremel.com/us/en/projects/applications/upcycling,Upcycling | Dremel,p,"After watching these tutorials, you'll be ready to take on any upcycling project."
https://www.dremel.com/us/en/projects/applications/upcycling,Upcycling | Dremel,p,Watch this sanding tutorial by craftswoman Laura Anna Abelli and learn how to master several sanding techniques on wood and metal.
https://www.dremel.com/us/en/projects/applications/upcycling,Upcycling | Dremel,p,"Peter Heuveling explains which router bits to use, how to handle the Dremel Plunge Router and much more."
https://www.dremel.com/us/en/projects/how-to/how-to-get-started-landing-page,How to get started | Dremel,h2,How to Solder and Heat Shrink Electric Wires with VersaTip & VersaFlame
https://www.dremel.com/us/en/projects/how-to/how-to-get-started-landing-page,How to get started | Dremel,p,"From choosing the right materials to picking the correct Dremel accessories, explore our beginner’s guides and be inspired to get started."
https://www.dremel.com/us/en/projects/how-to/how-to-get-started-landing-page,How to get started | Dremel,p,The instructions will get you one step closer to your next DIY project.
https://www.dremel.com/us/en/projects/how-to/how-to-get-started-landing-page,How to get started | Dremel,p,"From choosing the right wood, to picking the right Dremel accessories, this guide to woodcarving for beginners will help you get started."
https://www.dremel.com/us/en/projects/how-to/how-to-get-started-landing-page,How to get started | Dremel,p,See how easy it is to use a glue gun for DIY projects with our beginner’s guide to gluing.
https://www.dremel.com/us/en/projects/how-to/how-to-get-started-landing-page,How to get started | Dremel,p,Grinding and sharpening are skills that’ll come in handy in most DIY projects.
https://www.dremel.com/us/en/projects/how-to/how-to-get-started-landing-page,How to get started | Dremel,p,Start learning these skills with the help of this Dremel guide.
https://www.dremel.com/us/en/projects/how-to/how-to-get-started-landing-page,How to get started | Dremel,p,"As a professional, you want your DIY home office to instil confidence, exude efficiency and promote concentration, while being comfortable and charismatic at the same time."
https://www.dremel.com/us/en/projects/how-to/how-to-get-started-landing-page,How to get started | Dremel,p,"With Dremel’s tips for improving your home office, you’re well on your way to achieving all that, and more."
https://www.dremel.com/us/en/projects/how-to/how-to-get-started-landing-page,How to get started | Dremel,p,Looking to start your cosplay adventure with something approachable?
https://www.dremel.com/us/en/projects/how-to/how-to-get-started-landing-page,How to get started | Dremel,p,In this video we’ll show you how to make a cosplay helmet out of EVA foam.
https://www.dremel.com/us/en/projects/how-to/how-to-get-started-landing-page,How to get started | Dremel,p,Learn to solder and heat shrink using VersaTip and VersaFlame.
https://www.dremel.com/us/en/projects/applications/urban-garden,Urban garden | Dremel,h2,How to Upcycle Wooden Crates into a BBQ Side Table
https://www.dremel.com/us/en/projects/applications/urban-garden,Urban garden | Dremel,h2,Upcycle a Coconut Shell into a Plant Hanger
https://www.dremel.com/us/en/projects/applications/urban-garden,Urban garden | Dremel,h2,Step-by-Step Guide: How to Make Terracotta Painted Pots with Dremel Rotary Tool Engravings
https://www.dremel.com/us/en/projects/applications/urban-garden,Urban garden | Dremel,h2,Create a Decorative Window for Your Balcony
https://www.dremel.com/us/en/projects/applications/urban-garden,Urban garden | Dremel,h2,Cutting and Fitting Trellis to a Courtyard Garden
https://www.dremel.com/us/en/projects/applications/urban-garden,Urban garden | Dremel,p,Transform even the smallest of outdoor spaces into an urban garden to be proud of.
https://www.dremel.com/us/en/projects/applications/urban-garden,Urban garden | Dremel,p,"Whether your space is a patio, balcony or patch of grass, Dremel will help you maximize its potential with these inspiring urban gardening projects."
https://www.dremel.com/us/en/projects/applications/urban-garden,Urban garden | Dremel,p,Take a peek at Dremel’s simple DIY tutorial on how to upcycle a few wooden crates into a BBQ side table – perfect for any garden.
https://www.dremel.com/us/en/projects/applications/urban-garden,Urban garden | Dremel,p,Personalizing your garden with custom plant markers is a fun and creative way to add a unique touch to your outdoor space.
https://www.dremel.com/us/en/projects/applications/urban-garden,Urban garden | Dremel,p,"With the Dremel 4000 and 30 accessories High Performance Rotary Tool Kit, engraving your own plant markers is easier than ever."
https://www.dremel.com/us/en/projects/applications/urban-garden,Urban garden | Dremel,p,"Follow this simple guide to create beautiful, lasting markers for your plants."
https://www.dremel.com/us/en/projects/applications/urban-garden,Urban garden | Dremel,p,Craft whimsical wind chimes by upcycling household items.
https://www.dremel.com/us/en/projects/applications/urban-garden,Urban garden | Dremel,p,Add charm to your surroundings with Dremel.
https://www.dremel.com/us/en/projects/applications/urban-garden,Urban garden | Dremel,p,Add character and organization to your garden with custom garden stakes.
https://www.dremel.com/us/en/projects/applications/urban-garden,Urban garden | Dremel,p,Discover how to upcycle a coconut shell into a DIY hanging planter with the help of this video and your dependable Dremel rotary tool.
https://www.dremel.com/us/en/projects/applications/urban-garden,Urban garden | Dremel,p,"Explore this easy-to-follow, practical guide on how to sharpen your garden shears using a Dremel rotary tool."
https://www.dremel.com/us/en/projects/applications/urban-garden,Urban garden | Dremel,p,Add a personal touch to your garden space by potting your plants in a custom decorated terracotta pot.
https://www.dremel.com/us/en/projects/applications/urban-garden,Urban garden | Dremel,p,Add some ambiance to your outdoor party with a personal fireplace.
https://www.dremel.com/us/en/projects/applications/urban-garden,Urban garden | Dremel,p,Add a touch of glamour and make your balcony look bigger with this decorative feature.
https://www.dremel.com/us/en/projects/applications/urban-garden,Urban garden | Dremel,p,"Turn a small paved courtyard into a beautiful oasis with tiling, flowerbeds, pots, and a painted trellis."
https://www.dremel.com/us/en/projects/applications/urban-garden,Urban garden | Dremel,p,Get creative with Dremel and enhance your outdoor space.
https://www.dremel.com/us/en/projects/applications/urban-garden,Urban garden | Dremel,p,Follow this Dremel project to create a structure to conveniently place your plants in and create a fruit and vegetable wall.
https://www.dremel.com/us/en/projects/applications/urban-garden,Urban garden | Dremel,p,Learn how to perform these basic DIY skills using your Dremel rotary tool and your next urban gardening project will be off to a great start.
https://www.dremel.com/us/en/projects/applications/urban-garden,Urban garden | Dremel,p,"Full of ideas on how to decorate your balcony or patio, but afraid of making rookie mistakes?"
https://www.dremel.com/us/en/projects/applications/urban-garden,Urban garden | Dremel,p,Have a look at these articles for some useful advice.
https://www.dremel.com/us/en/projects/applications/routing,Routing | Dremel,p,Would you like to discover more about routing?
https://www.dremel.com/us/en/projects/applications/routing,Routing | Dremel,p,Look through our collection and be guided through the routing process.
https://www.dremel.com/us/en/projects/how-to/how-to-avoid-failures-landing-page,How to avoid failures | Dremel,p,"Want to avoid common mistakes while carving, engraving, routing, cutting, sanding, cleaning, polishing, grinding or sharpening or gluing?"
https://www.dremel.com/us/en/projects/how-to/how-to-avoid-failures-landing-page,How to avoid failures | Dremel,p,"Read on, and help your next DIY project go smoothly."
https://www.dremel.com/us/en/projects/how-to/how-to-avoid-failures-landing-page,How to avoid failures | Dremel,p,Explore our do’s and don’ts to make sure you get it right the first time.
https://www.dremel.com/us/en/projects/how-to/how-to-avoid-failures-landing-page,How to avoid failures | Dremel,p,Check out Dremel's tips and tricks for carving wood to help make sure your carving project goes smoothly.
https://www.dremel.com/us/en/projects/how-to/how-to-avoid-failures-landing-page,How to avoid failures | Dremel,p,A glue gun is easy and quick to master once you know how.
https://www.dremel.com/us/en/projects/how-to/how-to-avoid-failures-landing-page,How to avoid failures | Dremel,p,Explore our dos and don’ts to make sure you get it right the first time.
https://www.dremel.com/us/en/projects/makers/extraordinary-maker-teye-wijnterp,Extraordinary Maker: Teye Wijnterp | Dremel,p,"Often times, the secrets behind some of the most successful makers and craftsman aren’t so secret."
https://www.dremel.com/us/en/projects/makers/extraordinary-maker-teye-wijnterp,Extraordinary Maker: Teye Wijnterp | Dremel,p,"Whether it’s designing modern furniture or handcrafting guitars inspired by flamenco and Moorish architecture, the drive remains the same: passion."
https://www.dremel.com/us/en/projects/makers/extraordinary-maker-teye-wijnterp,Extraordinary Maker: Teye Wijnterp | Dremel,p,It’s certainly true of Teye Wijnterp of Teye Guitars.
https://www.dremel.com/us/en/projects/makers/extraordinary-maker-teye-wijnterp,Extraordinary Maker: Teye Wijnterp | Dremel,p,His passion for guitars started when he was young.
https://www.dremel.com/us/en/projects/makers/extraordinary-maker-teye-wijnterp,Extraordinary Maker: Teye Wijnterp | Dremel,p,"He took it with him to Austin, Texas, and later to Seville, in Spain."
https://www.dremel.com/us/en/projects/makers/extraordinary-maker-teye-wijnterp,Extraordinary Maker: Teye Wijnterp | Dremel,p,It was here that his passion collided with another: flamenco dance.
https://www.dremel.com/us/en/projects/makers/extraordinary-maker-teye-wijnterp,Extraordinary Maker: Teye Wijnterp | Dremel,p,"In this video, we learn about his journey towards crafting some of the world’s most beautiful guitars."
https://www.dremel.com/us/en/projects/makers/extraordinary-maker-teye-wijnterp,Extraordinary Maker: Teye Wijnterp | Dremel,p,Be inspired to experiment with your passions – you never know where it might lead.
https://www.dremel.com/us/en/projects/makers/extraordinary-maker-teye-wijnterp,Extraordinary Maker: Teye Wijnterp | Dremel,li,ProjectsStep-by-Step Guide to Creating Wooden Animals
https://www.dremel.com/us/en/projects/project-plans/give-it-a-twist-turn-a-suitcase-into-a-pet-feeding-station,Cutting Project: Turn an Old Suitcase into a Pet-feeding Station | Dremel,p,Are you looking to sharpen your cutting skills?
https://www.dremel.com/us/en/projects/project-plans/give-it-a-twist-turn-a-suitcase-into-a-pet-feeding-station,Cutting Project: Turn an Old Suitcase into a Pet-feeding Station | Dremel,p,Why not have a go at transforming an old suitcase into this unique pet-feeding station?
https://www.dremel.com/us/en/projects/project-plans/give-it-a-twist-turn-a-suitcase-into-a-pet-feeding-station,Cutting Project: Turn an Old Suitcase into a Pet-feeding Station | Dremel,p,Take a look at our tutorial and watch our Dremel master at work.
https://www.dremel.com/us/en/projects/project-plans/give-it-a-twist-turn-a-suitcase-into-a-pet-feeding-station,Cutting Project: Turn an Old Suitcase into a Pet-feeding Station | Dremel,p,"You’ll see him cut a piece of wood to size, before cutting holes for the bowls – resulting in a one-of-a-kind feeder."
https://www.dremel.com/us/en/projects/project-plans/give-it-a-twist-turn-a-suitcase-into-a-pet-feeding-station,Cutting Project: Turn an Old Suitcase into a Pet-feeding Station | Dremel,p,Grab your Dremel and your cutting tools and get started.
https://www.dremel.com/us/en/projects/project-plans/give-it-a-twist-turn-a-suitcase-into-a-pet-feeding-station,Cutting Project: Turn an Old Suitcase into a Pet-feeding Station | Dremel,p,"Speaking of pet-related DIY, why not try Dremel’s Nail Grooming Tool?"
https://www.dremel.com/us/en/projects/project-plans/give-it-a-twist-turn-a-suitcase-into-a-pet-feeding-station,Cutting Project: Turn an Old Suitcase into a Pet-feeding Station | Dremel,p,"With a novel feeding set-up and polished nails, your four-legged friend will be well and truly pampered."
https://www.dremel.com/us/en/projects/project-plans/give-it-a-twist-turn-a-suitcase-into-a-pet-feeding-station,Cutting Project: Turn an Old Suitcase into a Pet-feeding Station | Dremel,li,How to makeStep-by-Step Guide How to Make DIY Pet Stairs
https://www.dremel.com/us/en/projects/project-plans/give-it-a-twist-turn-a-suitcase-into-a-pet-feeding-station,Cutting Project: Turn an Old Suitcase into a Pet-feeding Station | Dremel,li,How to makeCrafting Comfort: DIY Cat House - Step-by-Step Guide for DIY Enthusiasts
https://www.dremel.com/us/en/projects/project-plans/give-it-a-twist-turn-a-suitcase-into-a-pet-feeding-station,Cutting Project: Turn an Old Suitcase into a Pet-feeding Station | Dremel,li,ArticlesHow to Make a Vintage Drum into a Cat Bed
https://www.dremel.com/us/en/projects/project-plans/make-terracotta-painted-pots,Make Terracotta Painted Pots | Dremel,p,"Creating personalized terracotta painted pots is a fun and rewarding DIY project, especially when adding custom engravings using a Dremel Rotary Tool."
https://www.dremel.com/us/en/projects/project-plans/make-terracotta-painted-pots,Make Terracotta Painted Pots | Dremel,p,"This guide will walk you through the process, from painting to detailed engraving."
https://www.dremel.com/us/en/projects/project-plans/make-terracotta-painted-pots,Make Terracotta Painted Pots | Dremel,p,"Using Dremel tools, such as the Dremel 3000 Rotary Tool with a Diamond Wheel Point, allows you to create intricate designs that elevate your terracotta pot project."
https://www.dremel.com/us/en/projects/project-plans/make-terracotta-painted-pots,Make Terracotta Painted Pots | Dremel,p,Follow these steps for a beautifully painted and engraved terracotta pot.
https://www.dremel.com/us/en/projects/project-plans/make-terracotta-painted-pots,Make Terracotta Painted Pots | Dremel,p,"Before starting any project, it’s important to clean the surface."
https://www.dremel.com/us/en/projects/project-plans/make-terracotta-painted-pots,Make Terracotta Painted Pots | Dremel,p,"Use a damp cloth to wipe down your terracotta pot, removing any dust or dirt."
https://www.dremel.com/us/en/projects/project-plans/make-terracotta-painted-pots,Make Terracotta Painted Pots | Dremel,p,This will help the paint adhere better to the pot and provide a smooth surface for engraving.
https://www.dremel.com/us/en/projects/project-plans/make-terracotta-painted-pots,Make Terracotta Painted Pots | Dremel,p,"Using a high-quality acrylic or outdoor paint, apply a base coat to the pot."
https://www.dremel.com/us/en/projects/project-plans/make-terracotta-painted-pots,Make Terracotta Painted Pots | Dremel,p,"Use a wide paintbrush to cover the entire surface, including the rim and base."
https://www.dremel.com/us/en/projects/project-plans/make-terracotta-painted-pots,Make Terracotta Painted Pots | Dremel,p,"For a more opaque look, apply two coats of paint, allowing the first coat to dry completely before adding the second."
https://www.dremel.com/us/en/projects/project-plans/make-terracotta-painted-pots,Make Terracotta Painted Pots | Dremel,p,"Once the paint is dry, use a pencil to sketch out your design onto the surface of the pot."
https://www.dremel.com/us/en/projects/project-plans/make-terracotta-painted-pots,Make Terracotta Painted Pots | Dremel,p,Keep the lines light and easy to erase if needed.
https://www.dremel.com/us/en/projects/project-plans/make-terracotta-painted-pots,Make Terracotta Painted Pots | Dremel,p,"If you are unsure about your design, practicing on a piece of paper or even a spare pot is a good idea."
https://www.dremel.com/us/en/projects/project-plans/make-terracotta-painted-pots,Make Terracotta Painted Pots | Dremel,p,Now comes the fun part—engraving your design!
https://www.dremel.com/us/en/projects/project-plans/make-terracotta-painted-pots,Make Terracotta Painted Pots | Dremel,p,"Using the Dremel Rotary Tool with a Diamond Wheel Point 7105, carefully follow your pencil lines."
https://www.dremel.com/us/en/projects/project-plans/make-terracotta-painted-pots,Make Terracotta Painted Pots | Dremel,p,"The rotary tool allows for fine details, so take your time with intricate designs."
https://www.dremel.com/us/en/projects/project-plans/make-terracotta-painted-pots,Make Terracotta Painted Pots | Dremel,p,Start with light pressure and gradually deepen the engraving until you’re satisfied with the results.
https://www.dremel.com/us/en/projects/project-plans/make-terracotta-painted-pots,Make Terracotta Painted Pots | Dremel,p,"After engraving, use a soft, dry paintbrush to remove any dust or debris left over from the process."
https://www.dremel.com/us/en/projects/project-plans/make-terracotta-painted-pots,Make Terracotta Painted Pots | Dremel,p,This ensures your final design is clean and clearly visible.
https://www.dremel.com/us/en/projects/project-plans/make-terracotta-painted-pots,Make Terracotta Painted Pots | Dremel,p,"If you'd like to add more details to your pot, now is the time!"
https://www.dremel.com/us/en/projects/project-plans/make-terracotta-painted-pots,Make Terracotta Painted Pots | Dremel,p,You can use fine-tipped brushes to paint inside the engraved lines or add more embellishments around your design.
https://www.dremel.com/us/en/projects/project-plans/make-terracotta-painted-pots,Make Terracotta Painted Pots | Dremel,p,"Metallic paints work particularly well to highlight engravings, making them pop against the matte terracotta."
https://www.dremel.com/us/en/projects/project-plans/make-terracotta-painted-pots,Make Terracotta Painted Pots | Dremel,p,"To protect your painted and engraved design from the elements, especially if the pot will be used outdoors, apply a clear, weather-resistant sealer."
https://www.dremel.com/us/en/projects/project-plans/make-terracotta-painted-pots,Make Terracotta Painted Pots | Dremel,p,"Use a spray or brush-on sealer, ensuring it is compatible with the type of paint and materials used."
https://www.dremel.com/us/en/projects/project-plans/make-terracotta-painted-pots,Make Terracotta Painted Pots | Dremel,p,Let it dry thoroughly before handling the pot.
https://www.dremel.com/us/en/projects/project-plans/make-terracotta-painted-pots,Make Terracotta Painted Pots | Dremel,p,Your painted and engraved terracotta pot is now complete!
https://www.dremel.com/us/en/projects/project-plans/make-terracotta-painted-pots,Make Terracotta Painted Pots | Dremel,p,"Whether you use it for indoor plants, outdoor décor, or as a personalized gift, the combination of paint and custom Dremel engraving will create a one-of-a-kind piece."
https://www.dremel.com/us/en/projects/project-plans/how-to-make-a-bbq-side-table,How to Upcycle Wooden Crates Into a BBQ Side Table | Dremel,h3,Cut the upper two planks off each wooden crate
https://www.dremel.com/us/en/projects/project-plans/how-to-make-a-bbq-side-table,How to Upcycle Wooden Crates Into a BBQ Side Table | Dremel,h3,Assemble the wooden crates to build your BBQ side table
https://www.dremel.com/us/en/projects/project-plans/how-to-make-a-bbq-side-table,How to Upcycle Wooden Crates Into a BBQ Side Table | Dremel,p,"Having a BBQ, whether it’s a cosy cookout or a grand grill fest, is all about being prepared."
https://www.dremel.com/us/en/projects/project-plans/how-to-make-a-bbq-side-table,How to Upcycle Wooden Crates Into a BBQ Side Table | Dremel,p,"By upcycling a few wooden crates into a dashing DIY BBQ side table, you’ll have all your essentials to hand while you tend to food and flames."
https://www.dremel.com/us/en/projects/project-plans/how-to-make-a-bbq-side-table,How to Upcycle Wooden Crates Into a BBQ Side Table | Dremel,p,"Its three tiers provide plenty of space for storing plates, cutlery and condiments, while its inspiring industrial look and robust leather handle give your garden an instant facelift."
https://www.dremel.com/us/en/projects/project-plans/how-to-make-a-bbq-side-table,How to Upcycle Wooden Crates Into a BBQ Side Table | Dremel,p,"Making it yourself is easy – just dig out your trusty Dremel® and follow our master maker’s straightforward steps, upgrading your cutting and sanding skills in the process."
https://www.dremel.com/us/en/projects/project-plans/how-to-make-a-bbq-side-table,How to Upcycle Wooden Crates Into a BBQ Side Table | Dremel,p,Ready to start with this easy upcycling idea?
https://www.dremel.com/us/en/projects/project-plans/how-to-make-a-bbq-side-table,How to Upcycle Wooden Crates Into a BBQ Side Table | Dremel,p,"For each wooden crate, we’ll be removing the top two wooden planks off one of the long sides, creating clever openings in your outdoor BBQ side table."
https://www.dremel.com/us/en/projects/project-plans/how-to-make-a-bbq-side-table,How to Upcycle Wooden Crates Into a BBQ Side Table | Dremel,p,"Before cutting away the planks, mark up the cuts using a square ruler and a pencil."
https://www.dremel.com/us/en/projects/project-plans/how-to-make-a-bbq-side-table,How to Upcycle Wooden Crates Into a BBQ Side Table | Dremel,p,Make sure the marks line up with the wooden strips at the crates’ corners.
https://www.dremel.com/us/en/projects/project-plans/how-to-make-a-bbq-side-table,How to Upcycle Wooden Crates Into a BBQ Side Table | Dremel,p,Your pencil marks will serve as a guide once you fire up your compact saw and start cutting.
https://www.dremel.com/us/en/projects/project-plans/how-to-make-a-bbq-side-table,How to Upcycle Wooden Crates Into a BBQ Side Table | Dremel,p,There you are: the all-important first step of your upcycling project is done already.
https://www.dremel.com/us/en/projects/project-plans/how-to-make-a-bbq-side-table,How to Upcycle Wooden Crates Into a BBQ Side Table | Dremel,p,"Using two Dremel Multi-Vise (2500) clamping jaws, or any other F-clamps, securely attach the first crate to your work surface."
https://www.dremel.com/us/en/projects/project-plans/how-to-make-a-bbq-side-table,How to Upcycle Wooden Crates Into a BBQ Side Table | Dremel,p,"Keep yourself safe by wearing gloves, a dust mask, safety goggles and ear protectors."
https://www.dremel.com/us/en/projects/project-plans/how-to-make-a-bbq-side-table,How to Upcycle Wooden Crates Into a BBQ Side Table | Dremel,p,"Kit out your Dremel DSM20 compact saw with a Multipurpose Carbide Cutting Wheel (DSM500) , turn it on and carefully cut the two wooden planks along the pencilled marks to remove them."
https://www.dremel.com/us/en/projects/project-plans/how-to-make-a-bbq-side-table,How to Upcycle Wooden Crates Into a BBQ Side Table | Dremel,p,"Excellent, your DIY BBQ side table is already taking shape."
https://www.dremel.com/us/en/projects/project-plans/how-to-make-a-bbq-side-table,How to Upcycle Wooden Crates Into a BBQ Side Table | Dremel,p,Sanding the cut edges is essential to prevent scratches or splinters when reaching into your BBQ trolley.
https://www.dremel.com/us/en/projects/project-plans/how-to-make-a-bbq-side-table,How to Upcycle Wooden Crates Into a BBQ Side Table | Dremel,p,Secure one of the crates with the clamps and insert the EZ SpeedClic Sanding Mandrel into your Dremel Multi-Tool.
https://www.dremel.com/us/en/projects/project-plans/how-to-make-a-bbq-side-table,How to Upcycle Wooden Crates Into a BBQ Side Table | Dremel,p,"Make sure you choose the right sandpaper grit, going from coarse to fine as you progress through this step."
https://www.dremel.com/us/en/projects/project-plans/how-to-make-a-bbq-side-table,How to Upcycle Wooden Crates Into a BBQ Side Table | Dremel,p,Slide the Sanding Band onto the Sanding Mandrel before pushing the drum down to secure it.
https://www.dremel.com/us/en/projects/project-plans/how-to-make-a-bbq-side-table,How to Upcycle Wooden Crates Into a BBQ Side Table | Dremel,p,"Now start sanding, moving with the grain of the wood, until the surface and edges are smooth and splinter-free."
https://www.dremel.com/us/en/projects/project-plans/how-to-make-a-bbq-side-table,How to Upcycle Wooden Crates Into a BBQ Side Table | Dremel,p,Repeat this step for the two remaining crates.
https://www.dremel.com/us/en/projects/project-plans/how-to-make-a-bbq-side-table,How to Upcycle Wooden Crates Into a BBQ Side Table | Dremel,p,The castor wheels make this upcycled garden table a fun and flexible addition to any patio.
https://www.dremel.com/us/en/projects/project-plans/how-to-make-a-bbq-side-table,How to Upcycle Wooden Crates Into a BBQ Side Table | Dremel,p,They’re easy to attach: just turn one of the crates upside down and pinpoint the location of the wheels.
https://www.dremel.com/us/en/projects/project-plans/how-to-make-a-bbq-side-table,How to Upcycle Wooden Crates Into a BBQ Side Table | Dremel,p,You want the two swivel wheels along one of the short sides of your BBQ side table and the two rigid castors along the short side opposite.
https://www.dremel.com/us/en/projects/project-plans/how-to-make-a-bbq-side-table,How to Upcycle Wooden Crates Into a BBQ Side Table | Dremel,p,"For a stable table, place each wheel as close to the corner as possible, while ensuring the castor fully fits onto the wood."
https://www.dremel.com/us/en/projects/project-plans/how-to-make-a-bbq-side-table,How to Upcycle Wooden Crates Into a BBQ Side Table | Dremel,p,Mark the position of the screws by pushing the point of a carpenter’s awl through each screw hole.
https://www.dremel.com/us/en/projects/project-plans/how-to-make-a-bbq-side-table,How to Upcycle Wooden Crates Into a BBQ Side Table | Dremel,p,"Can you believe that in a few more easy steps, your BBQ side table will be finished?"
https://www.dremel.com/us/en/projects/project-plans/how-to-make-a-bbq-side-table,How to Upcycle Wooden Crates Into a BBQ Side Table | Dremel,p,"Once the position of each screw for the castor wheels is marked out, you can sink the flathead screws into the wood, one by one, to attach them."
https://www.dremel.com/us/en/projects/project-plans/how-to-make-a-bbq-side-table,How to Upcycle Wooden Crates Into a BBQ Side Table | Dremel,p,Using the electric screwdriver on your combi drill for this job is both quick and convenient.
https://www.dremel.com/us/en/projects/project-plans/how-to-make-a-bbq-side-table,How to Upcycle Wooden Crates Into a BBQ Side Table | Dremel,p,Make sure the screws are screwed in tightly and that they are flush with the metal base of the wheel.
https://www.dremel.com/us/en/projects/project-plans/how-to-make-a-bbq-side-table,How to Upcycle Wooden Crates Into a BBQ Side Table | Dremel,p,"With this next step, your wooden crate idea is really going to take shape."
https://www.dremel.com/us/en/projects/project-plans/how-to-make-a-bbq-side-table,How to Upcycle Wooden Crates Into a BBQ Side Table | Dremel,p,"Stack the crates on top of one another, laying them face down on your work surface."
https://www.dremel.com/us/en/projects/project-plans/how-to-make-a-bbq-side-table,How to Upcycle Wooden Crates Into a BBQ Side Table | Dremel,p,"Position two angle bars over the two upper edges, making sure they cover the full height of the stacked crates."
https://www.dremel.com/us/en/projects/project-plans/how-to-make-a-bbq-side-table,How to Upcycle Wooden Crates Into a BBQ Side Table | Dremel,p,"Using the electric screwdriver on your combi drill, sink the flathead screws into the wood to firmly attach the angle bars and secure the crates together."
https://www.dremel.com/us/en/projects/project-plans/how-to-make-a-bbq-side-table,How to Upcycle Wooden Crates Into a BBQ Side Table | Dremel,p,Now flip the side table onto its other side and attach two more angle bars on the outside edges of your nearly finished BBQ side table.
https://www.dremel.com/us/en/projects/project-plans/how-to-make-a-bbq-side-table,How to Upcycle Wooden Crates Into a BBQ Side Table | Dremel,p,"As a final step, we’ll be adding a sturdy handle to the side of the BBQ side table, allowing you to move it around with elegance and ease."
https://www.dremel.com/us/en/projects/project-plans/how-to-make-a-bbq-side-table,How to Upcycle Wooden Crates Into a BBQ Side Table | Dremel,p,Cut a hole in either side of the leather strap using a hole punch tool.
https://www.dremel.com/us/en/projects/project-plans/how-to-make-a-bbq-side-table,How to Upcycle Wooden Crates Into a BBQ Side Table | Dremel,p,Place the handle in your preferred position along the side with the swivel wheels.
https://www.dremel.com/us/en/projects/project-plans/how-to-make-a-bbq-side-table,How to Upcycle Wooden Crates Into a BBQ Side Table | Dremel,p,Mark the screw holes with a pencil and drill the holes using your combi drill.
https://www.dremel.com/us/en/projects/project-plans/how-to-make-a-bbq-side-table,How to Upcycle Wooden Crates Into a BBQ Side Table | Dremel,p,"Now place the handle in position, stick the bolts through the leather and wood and secure each bolt on the inside using a washer and a nut."
https://www.dremel.com/us/en/projects/project-plans/how-to-make-a-bbq-side-table,How to Upcycle Wooden Crates Into a BBQ Side Table | Dremel,p,A trendy three-tiered BBQ side table that is both functional and fab.
https://www.dremel.com/us/en/projects/project-plans/how-to-make-a-bbq-side-table,How to Upcycle Wooden Crates Into a BBQ Side Table | Dremel,li,Dremel US20V-01 20V Max Cordless Compact Saw Kit (1 Battery/ Charger)
https://www.dremel.com/us/en/projects/project-plans/how-to-make-a-bbq-side-table,How to Upcycle Wooden Crates Into a BBQ Side Table | Dremel,li,"Dremel Ultra-Saw US500 4"" Premium Carbide Wood & Plastic Cutting Wheel"
https://www.dremel.com/us/en/projects/applications/indoor-gardening,Indoor Gardening | Dremel,p,Bring the outside in with a DIY indoor garden.
https://www.dremel.com/us/en/projects/applications/indoor-gardening,Indoor Gardening | Dremel,p,While creating a green space in your home you’ll develop a wealth of DIY skills along the way.
https://www.dremel.com/us/en/projects/applications/indoor-gardening,Indoor Gardening | Dremel,p,Bring spring inside your home by growing your indoor plants in a DIY engraved glass succulent planter!
https://www.dremel.com/us/en/projects/applications/indoor-gardening,Indoor Gardening | Dremel,p,Create some natural candle holders for your living room out of birch wood with the help of your Dremel rotary tool.
https://www.dremel.com/us/en/projects/applications/indoor-gardening,Indoor Gardening | Dremel,p,Personalize your garden space and create unique gifts this season by etching terracotta painted pots.
https://www.dremel.com/us/en/projects/applications/gift-making,"Making Amazing DIY Gifts with Dremel – Tutorials, Tips and More | Dremel",p,"With Dremel’s inspirational projects and helpful guides, you’ll be creating personalized, handmade gifts in no time."
https://www.dremel.com/us/en/projects/applications/gift-making,"Making Amazing DIY Gifts with Dremel – Tutorials, Tips and More | Dremel",p,See how easy it is to create a reusable coffee cup sleeve with your glue gun with our step-by-step guide.
https://www.dremel.com/us/en/projects/applications/gift-making,"Making Amazing DIY Gifts with Dremel – Tutorials, Tips and More | Dremel",p,"Want to learn how to engrave, carve, glue or cut homemade DIY gifts with your Dremel tool?"
https://www.dremel.com/us/en/projects/applications/gift-making,"Making Amazing DIY Gifts with Dremel – Tutorials, Tips and More | Dremel",p,Want to avoid common mistakes while creating a handmade gift?
https://www.dremel.com/us/en/projects/applications/gift-making,"Making Amazing DIY Gifts with Dremel – Tutorials, Tips and More | Dremel",p,Ready to upgrade your skills to the highest level?
https://www.dremel.com/us/en/projects/applications/gift-making,"Making Amazing DIY Gifts with Dremel – Tutorials, Tips and More | Dremel",p,Check out these tutorials and learn how to master several techniques.
https://www.dremel.com/us/en/projects/applications/gift-making,"Making Amazing DIY Gifts with Dremel – Tutorials, Tips and More | Dremel",p,Want to see a master at work and improve your own wood carving skills?
https://www.dremel.com/us/en/projects/applications/gift-making,"Making Amazing DIY Gifts with Dremel – Tutorials, Tips and More | Dremel",p,Learn from Dutch craftsman Stijn van Oss in this inspiring masterclass.
https://www.dremel.com/us/en/projects/applications/gift-making,"Making Amazing DIY Gifts with Dremel – Tutorials, Tips and More | Dremel",p,Want to see a glass-engraving master at work?
https://www.dremel.com/us/en/projects/applications/gift-making,"Making Amazing DIY Gifts with Dremel – Tutorials, Tips and More | Dremel",p,Build on your own engraving skills with our inspiring masterclass with glass engraver Maud Wigman.
https://www.dremel.com/us/en/projects/applications/gift-making,"Making Amazing DIY Gifts with Dremel – Tutorials, Tips and More | Dremel",p,Ready to get creative with your glue gun?
https://www.dremel.com/us/en/projects/applications/gift-making,"Making Amazing DIY Gifts with Dremel – Tutorials, Tips and More | Dremel",p,Watch interior stylist Emily Dawe’s gluing masterclass to take your gluing skills to the next level.
https://www.dremel.com/us/en/projects/applications/sanding,Sanding | Dremel,p,"Whether you’ve never picked up sandpaper, or you consider yourself a professional with the Dremel rotary tool, we’re here to help."
https://www.dremel.com/us/en/projects/project-plans/clean-and-polish-your-bikes-rear-derailleur,Clean and Polish a Bike's Derailleur | Dremel,h3,Remove the wheel and undo the derailleur cable
https://www.dremel.com/us/en/projects/project-plans/clean-and-polish-your-bikes-rear-derailleur,Clean and Polish a Bike's Derailleur | Dremel,h3,Unthread the chain and remove the derailleur
https://www.dremel.com/us/en/projects/project-plans/clean-and-polish-your-bikes-rear-derailleur,Clean and Polish a Bike's Derailleur | Dremel,h3,Put the bike chain and wheel back in place
https://www.dremel.com/us/en/projects/project-plans/clean-and-polish-your-bikes-rear-derailleur,Clean and Polish a Bike's Derailleur | Dremel,p,"Whether you're a seasoned cyclist or just starting out, maintaining your bike's derailleur is essential for smooth and efficient gear shifting."
https://www.dremel.com/us/en/projects/project-plans/clean-and-polish-your-bikes-rear-derailleur,Clean and Polish a Bike's Derailleur | Dremel,p,"Over time, dirt, grime, and rust can accumulate, affecting performance."
https://www.dremel.com/us/en/projects/project-plans/clean-and-polish-your-bikes-rear-derailleur,Clean and Polish a Bike's Derailleur | Dremel,p,Follow this step-by-step guide to restore your bike's derailleur to its optimal condition using Dremel tools.
https://www.dremel.com/us/en/projects/project-plans/clean-and-polish-your-bikes-rear-derailleur,Clean and Polish a Bike's Derailleur | Dremel,p,Begin by changing the gears to the smallest sprocket (or highest gear).
https://www.dremel.com/us/en/projects/project-plans/clean-and-polish-your-bikes-rear-derailleur,Clean and Polish a Bike's Derailleur | Dremel,p,Flip open the wheel’s quick-release system and remove the wheel.
https://www.dremel.com/us/en/projects/project-plans/clean-and-polish-your-bikes-rear-derailleur,Clean and Polish a Bike's Derailleur | Dremel,p,Use appropriate tools to loosen the cable crimper bolt and cut off the cable end cap.
https://www.dremel.com/us/en/projects/project-plans/clean-and-polish-your-bikes-rear-derailleur,Clean and Polish a Bike's Derailleur | Dremel,p,Unthread the cable from the rear mech to prepare for removal.
https://www.dremel.com/us/en/projects/project-plans/clean-and-polish-your-bikes-rear-derailleur,Clean and Polish a Bike's Derailleur | Dremel,p,"Organize and unscrew the different parts of the derailleur, starting with the pulleys."
https://www.dremel.com/us/en/projects/project-plans/clean-and-polish-your-bikes-rear-derailleur,Clean and Polish a Bike's Derailleur | Dremel,p,"Use the appropriate tools, such as Allen keys and Phillips screwdrivers, and keep all components neatly organized to facilitate reassembly later."
https://www.dremel.com/us/en/projects/project-plans/clean-and-polish-your-bikes-rear-derailleur,Clean and Polish a Bike's Derailleur | Dremel,p,Scrape off dirt and grease from the derailleur parts using a slotted screwdriver.
https://www.dremel.com/us/en/projects/project-plans/clean-and-polish-your-bikes-rear-derailleur,Clean and Polish a Bike's Derailleur | Dremel,p,"Soak the parts in a container filled with degreaser, then scrub each one using a small brush."
https://www.dremel.com/us/en/projects/project-plans/clean-and-polish-your-bikes-rear-derailleur,Clean and Polish a Bike's Derailleur | Dremel,p,Rinse with clean water and dry thoroughly to prepare for derusting.
https://www.dremel.com/us/en/projects/project-plans/clean-and-polish-your-bikes-rear-derailleur,Clean and Polish a Bike's Derailleur | Dremel,p,Secure the Dremel Multi-Vise to your work surface and attach the Multi-Tool.
https://www.dremel.com/us/en/projects/project-plans/clean-and-polish-your-bikes-rear-derailleur,Clean and Polish a Bike's Derailleur | Dremel,p,Insert and tighten the Brass Brush (535 or 537) and run each part against the spinning brush to remove rust.
https://www.dremel.com/us/en/projects/project-plans/clean-and-polish-your-bikes-rear-derailleur,Clean and Polish a Bike's Derailleur | Dremel,p,Use Brass Brush 537 for hard-to-reach spots.
https://www.dremel.com/us/en/projects/project-plans/clean-and-polish-your-bikes-rear-derailleur,Clean and Polish a Bike's Derailleur | Dremel,p,Attach the Mandrel (401) to the Rotary Tool and screw on the Polishing Point 422 or Polishing Wheel 414.
https://www.dremel.com/us/en/projects/project-plans/clean-and-polish-your-bikes-rear-derailleur,Clean and Polish a Bike's Derailleur | Dremel,p,Apply Polishing Compound (421) to the accessory and polish each part thoroughly to restore its shine.
https://www.dremel.com/us/en/projects/project-plans/clean-and-polish-your-bikes-rear-derailleur,Clean and Polish a Bike's Derailleur | Dremel,p,"Grease the pulley wheels with ball bearing grease, then carefully reassemble all parts in reverse order."
https://www.dremel.com/us/en/projects/project-plans/clean-and-polish-your-bikes-rear-derailleur,Clean and Polish a Bike's Derailleur | Dremel,p,Pay close attention to the pulley wheels' placement and ensure correct alignment.
https://www.dremel.com/us/en/projects/project-plans/clean-and-polish-your-bikes-rear-derailleur,Clean and Polish a Bike's Derailleur | Dremel,p,Check the mech hanger for damage before sliding the derailleur back onto it.
https://www.dremel.com/us/en/projects/project-plans/clean-and-polish-your-bikes-rear-derailleur,Clean and Polish a Bike's Derailleur | Dremel,p,Secure the derailleur with the hanger bolt and thread the cable through it.
https://www.dremel.com/us/en/projects/project-plans/clean-and-polish-your-bikes-rear-derailleur,Clean and Polish a Bike's Derailleur | Dremel,p,"Guide the bike chain over and around the cassette, and then thread it through the upper (guide) pulley."
https://www.dremel.com/us/en/projects/project-plans/clean-and-polish-your-bikes-rear-derailleur,Clean and Polish a Bike's Derailleur | Dremel,p,"Next, guide the chain through the power pulley’s Guide the bike chain back over the cassette and through the pulleys, ensuring correct alignment."
https://www.dremel.com/us/en/projects/project-plans/clean-and-polish-your-bikes-rear-derailleur,Clean and Polish a Bike's Derailleur | Dremel,p,Reinstall the rear wheel and tighten the quick-release handle.
https://www.dremel.com/us/en/projects/project-plans/clean-and-polish-your-bikes-rear-derailleur,Clean and Polish a Bike's Derailleur | Dremel,p,Fine-tune the derailleur's adjustment by turning the high and low-limit screws to ensure smooth shifting.
https://www.dremel.com/us/en/projects/project-plans/clean-and-polish-your-bikes-rear-derailleur,Clean and Polish a Bike's Derailleur | Dremel,p,"Once adjusted, wipe the derailleur clean and you're ready to hit the road!"
https://www.dremel.com/us/en/projects/project-plans/clean-and-polish-your-bikes-rear-derailleur,Clean and Polish a Bike's Derailleur | Dremel,p,"Follow these steps carefully to restore your bike's derailleur to optimal condition, ensuring a smooth and enjoyable ride."
https://www.dremel.com/us/en/projects/project-plans/clean-and-polish-your-bikes-rear-derailleur,Clean and Polish a Bike's Derailleur | Dremel,p,Remember to prioritize safety by wearing eye and respiratory protection throughout the process.
https://www.dremel.com/us/en/projects/applications/gluing,Everything you need to know about using a glue gun | Dremel,p,"No matter your skill level, we have everything you need to get started or to master using a glue gun."
https://www.dremel.com/us/en/projects/applications/gluing,Everything you need to know about using a glue gun | Dremel,p,We wish you all the best with your gluing project!
https://www.dremel.com/us/en/projects/applications,Applications | Dremel,p,Here you will find lots of information and inspiration to get you going on your DIY projects.
https://www.dremel.com/us/en/projects/applications,Applications | Dremel,p,"Just pick one of Dremel’s dazzling DIY projects for your kids, grab your Dremel tool and have a go."
https://www.dremel.com/us/en/projects/applications,Applications | Dremel,p,Check out Dremel's engraving projects and tips to get started.
https://www.dremel.com/us/en/projects/applications,Applications | Dremel,p,"Whether you're interested in trying out wood carving or already a master in carving, Dremel has the projects and tips for you."
https://www.dremel.com/us/en/projects/applications,Applications | Dremel,p,"Discover more about routing and try your hand at improving your home, creating handy gadgets and more."
https://www.dremel.com/us/en/projects/applications,Applications | Dremel,p,Learn more about cutting and try out one of Dremel's projects to show off your skills.
https://www.dremel.com/us/en/projects/applications,Applications | Dremel,p,Take on a new project using a hot glue gun and let Dremel guide you with our tips and tricks.
https://www.dremel.com/us/en/projects/applications,Applications | Dremel,p,"Whether you’ve never picked up sandpaper, or you consider yourself a pro with the Dremel rotary tool, we’re here to help."
https://www.dremel.com/us/en/projects/applications,Applications | Dremel,p,Dremel tools can be used to clean and polish a variety of materials.
https://www.dremel.com/us/en/projects/applications,Applications | Dremel,p,"Whether you have a green thumb or not, with Dremel’s help, you’ll love creating your own indoor garden."
https://www.dremel.com/us/en/projects/applications,Applications | Dremel,p,Learn how to sharpen tools and more with your Dremel rotary tool and grinding accessory.
https://www.dremel.com/us/en/projects/applications,Applications | Dremel,p,"If you’d like to lead a sustainable yet stylish life, upcycling is the way to go."
https://www.dremel.com/us/en/projects/applications,Applications | Dremel,p,Make it yourself for a priceless gift that the recipient is sure to love.
https://www.dremel.com/us/en/projects/applications,Applications | Dremel,p,"Whether you’d like to cut your pet’s nails at home or create a feeding station for your pooch, Dremel is here to help."
https://www.dremel.com/us/en/projects/applications,Applications | Dremel,p,"When you spend time working from home, a professional and pleasant work environment is key."
https://www.dremel.com/us/en/projects/applications,Applications | Dremel,p,"If you want to create your own custom-made cosplay costumes and props, Dremel will lend you a helping hand."
https://www.dremel.com/us/en/projects/applications,Applications | Dremel,p,Explore Dremel’s sizeable selection of DIY urban gardening project ideas – from how to decorate your balcony to designing a refined roof garden.
https://www.dremel.com/us/en/projects/applications,Applications | Dremel,p,Moving into a new house is a huge undertaking.
https://www.dremel.com/us/en/projects/applications,Applications | Dremel,p,Let Dremel show you what to do and how to do it with this DIY guide to moving.
https://www.dremel.com/us/en/projects/project-plans,Project Plans | Dremel,h3,Step-by-Step Guide: How to Create a Beautiful Necklace Using Dremel Tools
https://www.dremel.com/us/en/projects/project-plans,Project Plans | Dremel,h3,Explore our tutorials how to add stylish decor to your home
https://www.dremel.com/us/en/projects/project-plans,Project Plans | Dremel,h3,Flick through the endless amounts of our projects
https://www.dremel.com/us/en/projects/project-plans,Project Plans | Dremel,h3,With Dremel's tips & tricks there is nothing you can't fix!
https://www.dremel.com/us/en/projects/project-plans,Project Plans | Dremel,h3,Follow our step-by-step projects from engraving your leather phone case to floating shelves!
https://www.dremel.com/us/en/projects/project-plans,Project Plans | Dremel,h3,"From sharpening your garden spears to making your own cable box, we've got projects to inspire you to start your next project"
https://www.dremel.com/us/en/projects/project-plans,Project Plans | Dremel,p,Time to roll up those sleeves and get started!
https://www.dremel.com/us/en/projects/project-plans,Project Plans | Dremel,p,Follow along with clear instructions for many great DIY projects and crafts.
https://www.dremel.com/us/en/projects/project-plans/create-a-beautiful-necklace,Create a Beautiful Necklace | Dremel,p,Designing your own custom necklace is a rewarding and creative DIY project.
https://www.dremel.com/us/en/projects/project-plans/create-a-beautiful-necklace,Create a Beautiful Necklace | Dremel,p,"With the right tools, like the Dremel 4300 Variable Speed Rotary Tool and the Dremel VersaFlame Multi-function Butane Torch, you can take your jewelry-making skills to the next level."
https://www.dremel.com/us/en/projects/project-plans/create-a-beautiful-necklace,Create a Beautiful Necklace | Dremel,p,"This guide will show you how to make a beautiful necklace with fine details, precise engraving, and professional-quality finishing."
https://www.dremel.com/us/en/projects/project-plans/create-a-beautiful-necklace,Create a Beautiful Necklace | Dremel,p,Follow these 8 steps to create your own stunning piece of jewelry.
https://www.dremel.com/us/en/projects/project-plans/create-a-beautiful-necklace,Create a Beautiful Necklace | Dremel,p,"Before starting, make sure you have all the necessary supplies:"
https://www.dremel.com/us/en/projects/project-plans/create-a-beautiful-necklace,Create a Beautiful Necklace | Dremel,p,"Cut a long length of jewelry cord, making sure it's enough to fit comfortably around your neck."
https://www.dremel.com/us/en/projects/project-plans/create-a-beautiful-necklace,Create a Beautiful Necklace | Dremel,p,Start threading your beads onto the cord.
https://www.dremel.com/us/en/projects/project-plans/create-a-beautiful-necklace,Create a Beautiful Necklace | Dremel,p,"To keep each bead in place, tie a small knot before and after threading each one."
https://www.dremel.com/us/en/projects/project-plans/create-a-beautiful-necklace,Create a Beautiful Necklace | Dremel,p,This helps space the beads evenly and ensures they stay secure.
https://www.dremel.com/us/en/projects/project-plans/create-a-beautiful-necklace,Create a Beautiful Necklace | Dremel,p,"Once all beads are in place, attach the necklace ends, jump rings, and toggle clasp."
https://www.dremel.com/us/en/projects/project-plans/create-a-beautiful-necklace,Create a Beautiful Necklace | Dremel,p,Roll out the Precious Metal Clay (PMC) on a flat surface.
https://www.dremel.com/us/en/projects/project-plans/create-a-beautiful-necklace,Create a Beautiful Necklace | Dremel,p,Form the clay over your chosen beads to create decorative bead caps.
https://www.dremel.com/us/en/projects/project-plans/create-a-beautiful-necklace,Create a Beautiful Necklace | Dremel,p,Keep in mind that PMC shrinks slightly when it dries.
https://www.dremel.com/us/en/projects/project-plans/create-a-beautiful-necklace,Create a Beautiful Necklace | Dremel,p,Allow the clay to dry completely before moving on to the next step.
https://www.dremel.com/us/en/projects/project-plans/create-a-beautiful-necklace,Create a Beautiful Necklace | Dremel,p,"Once the PMC has dried, it’s time to fire it and turn it into solid metal."
https://www.dremel.com/us/en/projects/project-plans/create-a-beautiful-necklace,Create a Beautiful Necklace | Dremel,p,Use the Dremel VersaFlame Multi-function Butane Torch to carefully fire the clay.
https://www.dremel.com/us/en/projects/project-plans/create-a-beautiful-necklace,Create a Beautiful Necklace | Dremel,p,"This step requires precision to evenly heat the clay, turning it into a finished bead cap."
https://www.dremel.com/us/en/projects/project-plans/create-a-beautiful-necklace,Create a Beautiful Necklace | Dremel,p,Be sure to follow safety precautions and work in a well-ventilated area.
https://www.dremel.com/us/en/projects/project-plans/create-a-beautiful-necklace,Create a Beautiful Necklace | Dremel,p,"With your bead caps now solid metal, you can add personalized designs."
https://www.dremel.com/us/en/projects/project-plans/create-a-beautiful-necklace,Create a Beautiful Necklace | Dremel,p,"Using the Dremel 4300 Rotary Tool with the Diamond Wheel Point (7103), engrave a scroll or pattern onto the bead cap."
https://www.dremel.com/us/en/projects/project-plans/create-a-beautiful-necklace,Create a Beautiful Necklace | Dremel,p,The variable speed feature of the Dremel 4300 allows for fine control when making detailed engravings.
https://www.dremel.com/us/en/projects/project-plans/create-a-beautiful-necklace,Create a Beautiful Necklace | Dremel,p,"To achieve a polished, professional finish, use the Dremel EZ SpeedClic Polishing Wheel (423E) attached to the EZ402 Mandrel."
https://www.dremel.com/us/en/projects/project-plans/create-a-beautiful-necklace,Create a Beautiful Necklace | Dremel,p,Apply the Dremel 421 Polishing Compound to the polishing wheel for the best shine.
https://www.dremel.com/us/en/projects/project-plans/create-a-beautiful-necklace,Create a Beautiful Necklace | Dremel,p,Use the Dremel 4300 at a low to medium speed and gently polish the bead cap until it achieves a smooth and shiny finish.
https://www.dremel.com/us/en/projects/project-plans/create-a-beautiful-necklace,Create a Beautiful Necklace | Dremel,p,"Take your engraved and polished bead cap, and thread it onto a headpin, placing it over the bead of your choice."
https://www.dremel.com/us/en/projects/project-plans/create-a-beautiful-necklace,Create a Beautiful Necklace | Dremel,p,"Using pliers, bend the end of the headpin into a loop to secure the bead cap to the necklace."
https://www.dremel.com/us/en/projects/project-plans/create-a-beautiful-necklace,Create a Beautiful Necklace | Dremel,p,Repeat this step if you're adding multiple custom bead caps to your necklace design.
https://www.dremel.com/us/en/projects/project-plans/create-a-beautiful-necklace,Create a Beautiful Necklace | Dremel,p,"Once all your beads, bead caps, and other decorative elements are attached, check the overall design of the necklace."
https://www.dremel.com/us/en/projects/project-plans/create-a-beautiful-necklace,Create a Beautiful Necklace | Dremel,p,"Ensure the jump rings are secure, and the toggle clasp works properly."
https://www.dremel.com/us/en/projects/project-plans/create-a-beautiful-necklace,Create a Beautiful Necklace | Dremel,p,"If needed, use the Dremel 4300 with a polishing wheel to give the entire necklace one last polish, making sure it sparkles and shines."
https://www.dremel.com/us/en/projects/project-plans/create-a-beautiful-necklace,Create a Beautiful Necklace | Dremel,li,"Necklace ends, jump rings, and a toggle clasp"
https://www.dremel.com/us/en/projects/project-plans/create-a-beautiful-necklace,Create a Beautiful Necklace | Dremel,li,Precious Metal Clay (PMC) for custom bead caps
https://www.dremel.com/us/en/projects/project-plans/create-a-beautiful-necklace,Create a Beautiful Necklace | Dremel,li,EZ SpeedClic Polishing Wheel (423E) and Mandrel (EZ402)
https://www.dremel.com/us/en/projects/project-plans/create-a-beautiful-necklace,Create a Beautiful Necklace | Dremel,li,ProjectsHow to Make a Personalized Wine Box
https://www.dremel.com/us/en/projects/project-plans/step-by-step-guide-to-resoring-an-old-window-frame,Step-by-Step: Restore an Old Window Frame | Dremel,p,"Installing laminate flooring can completely transform your space, and with the Dremel US20V, the process becomes easier and more precise."
https://www.dremel.com/us/en/projects/project-plans/step-by-step-guide-to-resoring-an-old-window-frame,Step-by-Step: Restore an Old Window Frame | Dremel,p,"Follow this step-by-step guide to achieve a perfect fit, with a focus on how to use your Dremel US20V for fine detailed sawing and making clean, professional cuts."
https://www.dremel.com/us/en/projects/project-plans/step-by-step-guide-to-resoring-an-old-window-frame,Step-by-Step: Restore an Old Window Frame | Dremel,p,"Before you start sanding, you’ll want to check your window frame for wood rot, a fungus that eats away wood."
https://www.dremel.com/us/en/projects/project-plans/step-by-step-guide-to-resoring-an-old-window-frame,Step-by-Step: Restore an Old Window Frame | Dremel,p,Wood rot can compromise the structure of the frame.
https://www.dremel.com/us/en/projects/project-plans/step-by-step-guide-to-resoring-an-old-window-frame,Step-by-Step: Restore an Old Window Frame | Dremel,p,"First up, remove the frame from its hinges and lay it on your workbench."
https://www.dremel.com/us/en/projects/project-plans/step-by-step-guide-to-resoring-an-old-window-frame,Step-by-Step: Restore an Old Window Frame | Dremel,p,"Using the sharp, pointed tool known as an awl, start tracing along the edges and crevices of the wood."
https://www.dremel.com/us/en/projects/project-plans/step-by-step-guide-to-resoring-an-old-window-frame,Step-by-Step: Restore an Old Window Frame | Dremel,p,"Make sure to check for soft spots, which signify wood rot."
https://www.dremel.com/us/en/projects/project-plans/step-by-step-guide-to-resoring-an-old-window-frame,Step-by-Step: Restore an Old Window Frame | Dremel,p,"Anywhere the awl easily pierces the surface of the wood – bingo, you’ve found rot!"
https://www.dremel.com/us/en/projects/project-plans/step-by-step-guide-to-resoring-an-old-window-frame,Step-by-Step: Restore an Old Window Frame | Dremel,p,"Before you can clean out the wood rot, first remove old paint from the window frame."
https://www.dremel.com/us/en/projects/project-plans/step-by-step-guide-to-resoring-an-old-window-frame,Step-by-Step: Restore an Old Window Frame | Dremel,p,You can easily do this using a triangle paint scraper.
https://www.dremel.com/us/en/projects/project-plans/step-by-step-guide-to-resoring-an-old-window-frame,Step-by-Step: Restore an Old Window Frame | Dremel,p,Scrape over the whole frame with the tool until you’ve removed all the loose paint.
https://www.dremel.com/us/en/projects/project-plans/step-by-step-guide-to-resoring-an-old-window-frame,Step-by-Step: Restore an Old Window Frame | Dremel,p,Don’t worry if the surface isn’t smooth – we’ll get to the sanding later on.
https://www.dremel.com/us/en/projects/project-plans/step-by-step-guide-to-resoring-an-old-window-frame,Step-by-Step: Restore an Old Window Frame | Dremel,p,"Using the pointed side of the scraper (or the awl), scrape out the rot you found in step 1."
https://www.dremel.com/us/en/projects/project-plans/step-by-step-guide-to-resoring-an-old-window-frame,Step-by-Step: Restore an Old Window Frame | Dremel,p,This is the first stage of rot removal – we’ll guide you through a more thorough cleaning in the next step.
https://www.dremel.com/us/en/projects/project-plans/step-by-step-guide-to-resoring-an-old-window-frame,Step-by-Step: Restore an Old Window Frame | Dremel,p,Thoroughly removing rot helps to ensure the structural integrity of your frame and prevents future rot from developing.
https://www.dremel.com/us/en/projects/project-plans/step-by-step-guide-to-resoring-an-old-window-frame,Step-by-Step: Restore an Old Window Frame | Dremel,p,"Before you pick up your Dremel Multi-Tool, put on your safety gloves, goggles, earmuffs and dust mask."
https://www.dremel.com/us/en/projects/project-plans/step-by-step-guide-to-resoring-an-old-window-frame,Step-by-Step: Restore an Old Window Frame | Dremel,p,"Attach Router Bit 6,4 mm (640) to the Multi-Tool."
https://www.dremel.com/us/en/projects/project-plans/step-by-step-guide-to-resoring-an-old-window-frame,Step-by-Step: Restore an Old Window Frame | Dremel,p,Start at a low RPM (rotations per minute) – such as 10.000 or 15.000 – and begin to rout the places you scraped away in step 2.
https://www.dremel.com/us/en/projects/project-plans/step-by-step-guide-to-resoring-an-old-window-frame,Step-by-Step: Restore an Old Window Frame | Dremel,p,Rout away all wood rot and don’t worry about roughness: the sanding will smooth everything out.
https://www.dremel.com/us/en/projects/project-plans/step-by-step-guide-to-resoring-an-old-window-frame,Step-by-Step: Restore an Old Window Frame | Dremel,p,Check out How to Avoid Failures While Sanding for more tips like these.
https://www.dremel.com/us/en/projects/project-plans/step-by-step-guide-to-resoring-an-old-window-frame,Step-by-Step: Restore an Old Window Frame | Dremel,p,"After routing, it’s time to start sanding the wood."
https://www.dremel.com/us/en/projects/project-plans/step-by-step-guide-to-resoring-an-old-window-frame,Step-by-Step: Restore an Old Window Frame | Dremel,p,"Insert the Flap wheel 4,8 mm (504) into your Dremel Multi-Tool."
https://www.dremel.com/us/en/projects/project-plans/step-by-step-guide-to-resoring-an-old-window-frame,Step-by-Step: Restore an Old Window Frame | Dremel,p,"This time, you can set the RPM a little higher than you do when routing – say around 20.000."
https://www.dremel.com/us/en/projects/project-plans/step-by-step-guide-to-resoring-an-old-window-frame,Step-by-Step: Restore an Old Window Frame | Dremel,p,"Keep your safety gear on, and start sanding the surface of the wood."
https://www.dremel.com/us/en/projects/project-plans/step-by-step-guide-to-resoring-an-old-window-frame,Step-by-Step: Restore an Old Window Frame | Dremel,p,Focus on sanding the holes created by the removal of the wood rot.
https://www.dremel.com/us/en/projects/project-plans/step-by-step-guide-to-resoring-an-old-window-frame,Step-by-Step: Restore an Old Window Frame | Dremel,p,Keep sanding until the edges of the routed holes are smooth and ready to be filled.
https://www.dremel.com/us/en/projects/project-plans/step-by-step-guide-to-resoring-an-old-window-frame,Step-by-Step: Restore an Old Window Frame | Dremel,p,The goal now is to patch up all the holes and restore the frame’s uniform surface.
https://www.dremel.com/us/en/projects/project-plans/step-by-step-guide-to-resoring-an-old-window-frame,Step-by-Step: Restore an Old Window Frame | Dremel,p,Two-component epoxy filler is great for this because it hardens well and it’s water-resistant.
https://www.dremel.com/us/en/projects/project-plans/step-by-step-guide-to-resoring-an-old-window-frame,Step-by-Step: Restore an Old Window Frame | Dremel,p,Start with the base filler on your pallet knife and add a squeeze or two of the second component.
https://www.dremel.com/us/en/projects/project-plans/step-by-step-guide-to-resoring-an-old-window-frame,Step-by-Step: Restore an Old Window Frame | Dremel,p,"Using another pallet knife, mix them together until the filler is consistent in both color and texture."
https://www.dremel.com/us/en/projects/project-plans/step-by-step-guide-to-resoring-an-old-window-frame,Step-by-Step: Restore an Old Window Frame | Dremel,p,"Press it into any holes or gaps, filling one at a time."
https://www.dremel.com/us/en/projects/project-plans/step-by-step-guide-to-resoring-an-old-window-frame,Step-by-Step: Restore an Old Window Frame | Dremel,p,Wipe away any excess filler with the side of the pallet knife and let the filler dry.
https://www.dremel.com/us/en/projects/project-plans/step-by-step-guide-to-resoring-an-old-window-frame,Step-by-Step: Restore an Old Window Frame | Dremel,p,Don’t worry about getting it perfectly smooth – you’ll be sanding soon.
https://www.dremel.com/us/en/projects/project-plans/step-by-step-guide-to-resoring-an-old-window-frame,Step-by-Step: Restore an Old Window Frame | Dremel,p,The next step is to prepare the frame for painting by sanding it.
https://www.dremel.com/us/en/projects/project-plans/step-by-step-guide-to-resoring-an-old-window-frame,Step-by-Step: Restore an Old Window Frame | Dremel,p,"Wearing your safety equipment, start with an orbital sanding tool."
https://www.dremel.com/us/en/projects/project-plans/step-by-step-guide-to-resoring-an-old-window-frame,Step-by-Step: Restore an Old Window Frame | Dremel,p,"This way, you can sand all the top surfaces at once."
https://www.dremel.com/us/en/projects/project-plans/step-by-step-guide-to-resoring-an-old-window-frame,Step-by-Step: Restore an Old Window Frame | Dremel,p,Then switch to your Dremel Multi-Tool and attach the Sanding Band 120 grit (432) .
https://www.dremel.com/us/en/projects/project-plans/step-by-step-guide-to-resoring-an-old-window-frame,Step-by-Step: Restore an Old Window Frame | Dremel,p,"Starting with a low RPM and light pressure, begin in the hard-to-reach places, such as corners and edges."
https://www.dremel.com/us/en/projects/project-plans/step-by-step-guide-to-resoring-an-old-window-frame,Step-by-Step: Restore an Old Window Frame | Dremel,p,"Pay attention to the areas with filler, ensuring a smooth transition between filler and wood."
https://www.dremel.com/us/en/projects/project-plans/step-by-step-guide-to-resoring-an-old-window-frame,Step-by-Step: Restore an Old Window Frame | Dremel,p,"You don’t need to remove all of the old paint – the goal is a smooth, splinter-free surface that’s ready for paint."
https://www.dremel.com/us/en/projects/project-plans/step-by-step-guide-to-resoring-an-old-window-frame,Step-by-Step: Restore an Old Window Frame | Dremel,p,"Now that you’ve used a sanding tool to smooth the frame, it will be quite dusty."
https://www.dremel.com/us/en/projects/project-plans/step-by-step-guide-to-resoring-an-old-window-frame,Step-by-Step: Restore an Old Window Frame | Dremel,p,Grab your dust mask and use a bristle brush to remove most of the surface dust.
https://www.dremel.com/us/en/projects/project-plans/step-by-step-guide-to-resoring-an-old-window-frame,Step-by-Step: Restore an Old Window Frame | Dremel,p,You could also use a vacuum cleaner for this part.
https://www.dremel.com/us/en/projects/project-plans/step-by-step-guide-to-resoring-an-old-window-frame,Step-by-Step: Restore an Old Window Frame | Dremel,p,"Next up, fill a small bowl with a mix of water and degreaser – the degreaser packaging should have instructions for the correct ratio."
https://www.dremel.com/us/en/projects/project-plans/step-by-step-guide-to-resoring-an-old-window-frame,Step-by-Step: Restore an Old Window Frame | Dremel,p,"Dip a dry cloth into the mixture and rub down the window frame first, before cleaning the glass."
https://www.dremel.com/us/en/projects/project-plans/step-by-step-guide-to-resoring-an-old-window-frame,Step-by-Step: Restore an Old Window Frame | Dremel,p,"Finally, ensure your work surface is dust-free so your paint job is perfect."
https://www.dremel.com/us/en/projects/project-plans/step-by-step-guide-to-resoring-an-old-window-frame,Step-by-Step: Restore an Old Window Frame | Dremel,p,"No matter how confident you are in your painting ability, taping up the glass ensures a neat finish."
https://www.dremel.com/us/en/projects/project-plans/step-by-step-guide-to-resoring-an-old-window-frame,Step-by-Step: Restore an Old Window Frame | Dremel,p,"Top tip: use a strong, good quality tape so it doesn’t leave adhesive behind when you remove it later."
https://www.dremel.com/us/en/projects/project-plans/step-by-step-guide-to-resoring-an-old-window-frame,Step-by-Step: Restore an Old Window Frame | Dremel,p,"Is your frame made up of lots of small windows, like ours?"
https://www.dremel.com/us/en/projects/project-plans/step-by-step-guide-to-resoring-an-old-window-frame,Step-by-Step: Restore an Old Window Frame | Dremel,p,Simply tape over the wood using one long piece of tape.
https://www.dremel.com/us/en/projects/project-plans/step-by-step-guide-to-resoring-an-old-window-frame,Step-by-Step: Restore an Old Window Frame | Dremel,p,Then use a packing knife to neatly slice away the tape that’s covering the cross-sections of wood you’ll need to paint.
https://www.dremel.com/us/en/projects/project-plans/step-by-step-guide-to-resoring-an-old-window-frame,Step-by-Step: Restore an Old Window Frame | Dremel,p,See the video at the top of this page to learn exactly how.
https://www.dremel.com/us/en/projects/project-plans/step-by-step-guide-to-resoring-an-old-window-frame,Step-by-Step: Restore an Old Window Frame | Dremel,p,You’ve reached the very last step in the restoration of your window frame.
https://www.dremel.com/us/en/projects/project-plans/step-by-step-guide-to-resoring-an-old-window-frame,Step-by-Step: Restore an Old Window Frame | Dremel,p,Give the paint a good stir and then start by painting all the tricky edges with a small brush.
https://www.dremel.com/us/en/projects/project-plans/step-by-step-guide-to-resoring-an-old-window-frame,Step-by-Step: Restore an Old Window Frame | Dremel,p,A brush is also handy for the frame’s sides.
https://www.dremel.com/us/en/projects/project-plans/step-by-step-guide-to-resoring-an-old-window-frame,Step-by-Step: Restore an Old Window Frame | Dremel,p,"Next, use a roller brush for the flat topsides."
https://www.dremel.com/us/en/projects/project-plans/step-by-step-guide-to-resoring-an-old-window-frame,Step-by-Step: Restore an Old Window Frame | Dremel,p,"For the best result, paint two thin layers, letting one layer dry before the next."
https://www.dremel.com/us/en/projects/project-plans/step-by-step-guide-to-resoring-an-old-window-frame,Step-by-Step: Restore an Old Window Frame | Dremel,p,"When the final layer has dried, remove the tape."
https://www.dremel.com/us/en/projects/project-plans/step-by-step-guide-to-resoring-an-old-window-frame,Step-by-Step: Restore an Old Window Frame | Dremel,p,"Before doing so, score the edges with the packing knife to cut through any dried paint and ensure clean removal."
https://www.dremel.com/us/en/projects/project-plans/step-by-step-guide-to-resoring-an-old-window-frame,Step-by-Step: Restore an Old Window Frame | Dremel,p,"Finally, attach your frame to the window and admire your handiwork!"
https://www.dremel.com/us/en/projects/project-plans/step-by-step-guide-to-resoring-an-old-window-frame,Step-by-Step: Restore an Old Window Frame | Dremel,li,ProjectsHow to Cut and Fit Laminate Flooring 5 Step Guide
https://www.dremel.com/us/en/projects/project-plans/step-by-step-guide-to-resoring-an-old-window-frame,Step-by-Step: Restore an Old Window Frame | Dremel,li,ProjectsHow to Change the Tiling Around Your Toilet with Dremel US20V
https://www.dremel.com/us/en/projects/how-to,How to | Dremel,p,Sometimes you don’t know how to start a job?
https://www.dremel.com/us/en/projects/how-to,How to | Dremel,p,"You question yourself do I have the right materials, tools and knowledge."
https://www.dremel.com/us/en/projects/how-to,How to | Dremel,p,"Take a look at the articles, tips and videos below and it will remove any doubts."
https://www.dremel.com/us/en/projects/how-to,How to | Dremel,p,"Want to see a master at work and improve your own skills in woodworking, glass-engraving, gluing and a lot of other applications?"
https://www.dremel.com/us/en/projects/makers/extraordinairy-maker-jonathan-morrison,Extraordinary Maker with an Extraordinary Project: Wasteboards | Dremel,p,Extraordinary 'Maker' Jonathan Morrison is co-founder of Wasteboards – high quality skateboards made from plastic bottle caps.
https://www.dremel.com/us/en/projects/makers/extraordinairy-maker-jonathan-morrison,Extraordinary Maker with an Extraordinary Project: Wasteboards | Dremel,p,"In this inspiring video, find out how Jonathan's passion for skateboarding and his Dremel tools have combined to make a fun, innovative product that helps fight the problem of plastic pollution at the same time."
https://www.dremel.com/us/en/projects/makers/extraordinairy-maker-jonathan-morrison,Extraordinary Maker with an Extraordinary Project: Wasteboards | Dremel,p,Extraordinary 'Maker' Jonathan Morrison does just that.
https://www.dremel.com/us/en/projects/makers/extraordinairy-maker-jonathan-morrison,Extraordinary Maker with an Extraordinary Project: Wasteboards | Dremel,p,"By making skateboards from plastic bottle caps, he fights the issue of plastic waste."
https://www.dremel.com/us/en/projects/makers/extraordinairy-maker-jonathan-morrison,Extraordinary Maker with an Extraordinary Project: Wasteboards | Dremel,p,"In this video, you’ll see how Jonathan has combined his passion for skateboarding with his mission to create awareness for the growing problem of plastic pollution."
https://www.dremel.com/us/en/projects/makers/extraordinairy-maker-jonathan-morrison,Extraordinary Maker with an Extraordinary Project: Wasteboards | Dremel,li,ArticlesMake Your Own Copper Clothes Rack
https://www.dremel.com/us/en/projects/makers/emmanuel-hebert,Maker: Emmanuel Hebert | Dremel,h2,How-To: Create an led clock with a design
https://www.dremel.com/us/en/projects/makers/emmanuel-hebert,Maker: Emmanuel Hebert | Dremel,p,I have my own Youtube channel called “MagicManu”.
https://www.dremel.com/us/en/projects/makers/emmanuel-hebert,Maker: Emmanuel Hebert | Dremel,p,"I am passionate about DIY, I am not a professional but I learnt by myself through practising and I love to learn new things."
https://www.dremel.com/us/en/projects/makers/emmanuel-hebert,Maker: Emmanuel Hebert | Dremel,p,"My projects don’t require expensive equipment but with some creativity, you can always create nice things."
https://www.dremel.com/us/en/projects/makers/emmanuel-hebert,Maker: Emmanuel Hebert | Dremel,p,Create a wooden clock in the shape of your favorite logo or design!
https://www.dremel.com/us/en/projects/makers/emmanuel-hebert,Maker: Emmanuel Hebert | Dremel,p,Create a design or print an existing design template and trace this on to a piece of wood.
https://www.dremel.com/us/en/projects/makers/emmanuel-hebert,Maker: Emmanuel Hebert | Dremel,p,Using a Dremel Multi- Tool such as the Dremel 3000 and the Dremel Plunge Router cut out the outline.
https://www.dremel.com/us/en/projects/makers/emmanuel-hebert,Maker: Emmanuel Hebert | Dremel,p,Trace the same design template with a marker onto a sheet of Plexiglass.
https://www.dremel.com/us/en/projects/makers/emmanuel-hebert,Maker: Emmanuel Hebert | Dremel,p,With the Dremel 3000 and the Dremel Plunge Router cut out this outline which will be the exact same shape as the wood.
https://www.dremel.com/us/en/projects/makers/emmanuel-hebert,Maker: Emmanuel Hebert | Dremel,p,By joining these two together you will create a stronger structure.
https://www.dremel.com/us/en/projects/makers/emmanuel-hebert,Maker: Emmanuel Hebert | Dremel,p,"Using the Dremel 3000 and sanding accessories such as the Dremel SC407 EZ Speedclic Sanding Mandrel and Sanding Bands, sand any uneven edges to create a perfectly smooth finish."
https://www.dremel.com/us/en/projects/makers/emmanuel-hebert,Maker: Emmanuel Hebert | Dremel,p,Paint and decorate the wood with your design and assemble the electronic elements.
https://www.dremel.com/us/en/projects/makers/emmanuel-hebert,Maker: Emmanuel Hebert | Dremel,p,"Compact saw – For precise, clean and straight cuts with clear line of sight"
https://www.dremel.com/us/en/projects/makers/emmanuel-hebert,Maker: Emmanuel Hebert | Dremel,p,Transform your Dremel Multi-Tool into a plunge router.
https://www.dremel.com/us/en/projects/makers/extraordinary-maker-claudio-rinaldi,Extraordinary Maker: Claudio Rinaldi | Dremel,p,"Hailing from Ancona, a small city in the Italian region of Le Marche, is lifelong woodworker Claudio Rinaldi."
https://www.dremel.com/us/en/projects/makers/extraordinary-maker-claudio-rinaldi,Extraordinary Maker: Claudio Rinaldi | Dremel,p,"Claudio attributes his eye for detail and appreciation of craftsmanship to the Byzantine city he grew up in, and the history steeped within it."
https://www.dremel.com/us/en/projects/makers/extraordinary-maker-claudio-rinaldi,Extraordinary Maker: Claudio Rinaldi | Dremel,p,"These days, he turns his creative attention to wood, and shares his knowledge with the next generation of creators."
https://www.dremel.com/us/en/projects/makers/extraordinary-maker-claudio-rinaldi,Extraordinary Maker: Claudio Rinaldi | Dremel,p,"In this video, we learn what it is about wood that continues to inspire Claudio to create."
https://www.dremel.com/us/en/projects/makers/extraordinary-maker-claudio-rinaldi,Extraordinary Maker: Claudio Rinaldi | Dremel,p,We hope that his story inspires you to think about your own passions.
https://www.dremel.com/us/en/projects/applications/pets,Take Care of Your Pet with Dremel: Nail Grooming Tips And More | Dremel,h2,How to Make a Vintage Drum into a Cat Bed
https://www.dremel.com/us/en/projects/applications/pets,Take Care of Your Pet with Dremel: Nail Grooming Tips And More | Dremel,h3,Step by Step Guide: How to Groom Your Pet's Nails
https://www.dremel.com/us/en/projects/applications/pets,Take Care of Your Pet with Dremel: Nail Grooming Tips And More | Dremel,p,Dress up mealtime with an upcycled feeding station project.
https://www.dremel.com/us/en/projects/applications/pets,Take Care of Your Pet with Dremel: Nail Grooming Tips And More | Dremel,p,We'll show you tips on how we transformed an old dresser into a storage station that also keeps eating areas nice and tidy.
https://www.dremel.com/us/en/projects/applications/pets,Take Care of Your Pet with Dremel: Nail Grooming Tips And More | Dremel,p,Explore this guide to create a climbing tower that will keep your cat busy all year-round and double as a modern piece of art for your home!
https://www.dremel.com/us/en/projects/applications/pets,Take Care of Your Pet with Dremel: Nail Grooming Tips And More | Dremel,p,Explore this easy-to-follow video and step-by-step tutorial to make a fun wooden toy for a pet rabbit using Dremel’s marvelous tool range
https://www.dremel.com/us/en/projects/applications/pets,Take Care of Your Pet with Dremel: Nail Grooming Tips And More | Dremel,p,Have a look at this inventive video tutorial on how to upcycle an old drum into a cool cat bed.
https://www.dremel.com/us/en/projects/applications/pets,Take Care of Your Pet with Dremel: Nail Grooming Tips And More | Dremel,p,Dremel’s Master Maker will show you all the steps
https://www.dremel.com/us/en/projects/applications/pets,Take Care of Your Pet with Dremel: Nail Grooming Tips And More | Dremel,p,DIY intelligent toy featuring a drawer and pull cord Use Dremel tools to craft this creative and engaging toy that will stimulate your pup's mind
https://www.dremel.com/us/en/projects/applications/home-office,Home Office | Dremel,p,"With just a few DIY tweaks to your home office set-up, you’ll increase your concentration, creativity and efficiency levels while decreasing your stress levels."
https://www.dremel.com/us/en/projects/applications/home-office,Home Office | Dremel,p,"Are you eager to polish your DIY skills, Dremel tool in hand?"
https://www.dremel.com/us/en/projects/applications/home-office,Home Office | Dremel,p,"With these starter guides you’ll gain valuable cutting, sanding and routing know-how."
https://www.dremel.com/us/en/projects/applications/home-office,Home Office | Dremel,p,"Let us show you how to design and make a stylish bookshelf out of wood and in just a few steps, with the right Dremel® tool."
https://www.dremel.com/us/en/projects/applications/home-office,Home Office | Dremel,p,"It will be a highlight in every living room, study and reading corner."
https://www.dremel.com/us/en/projects/applications/home-office,Home Office | Dremel,p,Start organizing your thoughts with your new Idea Board!
https://www.dremel.com/us/en/projects/applications/home-office,Home Office | Dremel,p,Do you want to avoid the most common mishaps when upgrading your home office with your Dremel rotary tool?
https://www.dremel.com/us/en/projects/applications/home-office,Home Office | Dremel,p,Then read on for our clever lists of DIY dos and don’ts.
https://www.dremel.com/us/en/projects/applications/home-office,Home Office | Dremel,p,Upgrade your skills to the highest level by watching these masterclasses.
https://www.dremel.com/us/en/projects/applications/cosplay,Cosplay | Dremel,p,"Go on, challenge yourself and bring your cosplay ideas to life."
https://www.dremel.com/us/en/projects/applications/cosplay,Cosplay | Dremel,p,"These guides for beginners teach you the basics of sanding, gluing and engraving – must-have skills if you want to start making cosplay props."
